daily_customers,average_order_value,marketing_budget,delivery_orders,staff_count,customer_rating,social_media_score,restaurant_type,city,monthly_revenue
226,36.85,7756.92,238,36,2.9,0.2,Cafe,Paris,293442.71
394,30.69,1125.53,261,39,1.6,96.8,Cafe,Marseille,384365.77
302,56.29,9037.71,114,36,2.9,23.2,Fast Food,Lyon,540010.01
497,65.57,2718.72,267,34,1.9,91.7,Fast Food,Toulouse,1015654.54
41,19.36,1788.98,11,59,4.0,10.9,Italian,Lyon,53654.52
578,68.51,5933.64,72,55,1.1,23.8,Cafe,Lyon,1210092.0
368,9.34,1832.81,177,54,3.2,23.5,Seafood,Toulouse,124907.77
508,5.48,6829.05,259,36,1.7,99.6,Seafood,Lyon,116186.32
277,16.88,4952.01,258,47,1.0,0.5,Italian,Paris,154634.74
66,78.4,1188.56,269,21,4.5,64.0,Fast Food,Lyon,187718.62
46,44.27,9133.65,119,3,3.7,87.0,Cafe,Lyon,86510.14
46,8.49,6764.73,168,45,1.4,67.2,Cafe,Toulouse,42617.71
416,79.79,5505.33,67,27,3.7,36.3,Fast Food,Lyon,1026783.24
164,60.87,3805.97,58,43,3.4,95.8,Cafe,Toulouse,343174.49
541,67.85,1435.11,129,14,2.9,89.4,Italian,Marseille,1144361.15
140,20.97,7104.43,265,31,2.7,43.4,Cafe,Marseille,125163.84
481,12.91,8155.19,74,53,4.5,57.3,Cafe,Paris,223188.34
401,43.63,1345.61,89,33,2.0,96.8,Fast Food,Toulouse,529206.67
437,62.91,4996.22,153,37,2.6,98.3,Fast Food,Toulouse,857351.93
346,52.83,4899.98,217,20,2.3,45.0,Seafood,Toulouse,573668.22
410,52.33,3564.13,27,23,4.1,84.7,Italian,Paris,675425.54
316,61.78,7914.48,129,2,4.7,30.2,Fast Food,Paris,640923.99
103,22.03,1085.34,65,58,4.4,37.2,Fast Food,Lyon,84756.48
165,54.61,2129.69,143,12,4.2,16.5,Fast Food,Toulouse,288130.99
190,34.41,115.87,276,27,4.9,20.9,Cafe,Paris,223966.55
353,10.23,3792.56,102,49,3.8,65.7,Italian,Marseille,143276.55
443,20.16,2982.66,36,20,4.0,51.1,Italian,Marseille,298669.06
328,64.55,8683.24,248,20,4.9,23.1,Cafe,Toulouse,668699.97
545,72.19,7483.52,155,13,1.0,40.3,Cafe,Marseille,1207197.31
588,26.21,936.27,131,4,3.5,37.3,Fast Food,Lyon,471856.68
366,19.28,7435.46,46,56,4.0,98.7,Seafood,Lyon,235390.17
321,7.0,6786.46,194,57,4.7,85.4,Seafood,Toulouse,103815.12
366,76.08,2889.07,102,19,4.5,38.8,Italian,Paris,858697.69
427,56.29,253.06,170,50,4.4,91.4,Seafood,Paris,755753.08
152,76.78,1240.11,88,6,4.8,34.3,Fast Food,Paris,380600.75
125,69.79,2574.42,245,49,3.1,66.8,Cafe,Paris,303629.74
190,30.53,8184.56,57,25,1.0,96.7,Italian,Toulouse,189965.99
269,13.45,4706.6,104,15,1.0,39.0,Italian,Lyon,121459.38
563,42.43,9192.12,179,52,3.2,68.0,Cafe,Toulouse,762114.71
281,7.01,7912.57,68,39,2.7,29.6,Seafood,Toulouse,84913.95
513,16.24,2942.37,152,4,2.8,26.6,Italian,Marseille,286327.21
263,22.51,8469.09,24,7,2.6,57.4,Cafe,Lyon,209195.82
470,54.92,1255.58,34,13,4.7,97.9,Cafe,Paris,776907.51
309,43.24,457.56,14,53,2.4,45.3,Seafood,Lyon,425576.84
282,27.68,6124.53,105,12,4.4,93.8,Seafood,Marseille,276586.86
333,47.36,3483.26,217,40,4.6,91.4,Fast Food,Toulouse,515204.62
104,14.39,3361.31,73,27,3.0,25.4,Seafood,Lyon,47288.98
434,61.68,6903.36,284,2,2.8,40.2,Seafood,Marseille,826478.74
348,58.4,8516.03,37,17,4.0,64.3,Cafe,Toulouse,637323.0
64,21.24,3289.54,196,49,3.8,51.8,Italian,Paris,60223.9
352,50.48,3317.64,279,50,2.3,9.6,Cafe,Lyon,572544.49
484,42.75,5385.13,274,48,1.4,99.4,Fast Food,Paris,641170.02
219,9.56,6566.52,173,54,2.1,75.3,Cafe,Paris,86253.37
220,25.86,2108.77,43,10,1.5,43.8,Fast Food,Marseille,187719.24
348,79.96,9135.52,153,6,2.2,61.8,Seafood,Marseille,868238.7
259,12.47,6578.72,152,53,2.0,8.8,Italian,Toulouse,86451.05
378,42.98,6289.1,290,9,3.6,49.5,Italian,Paris,514163.27
379,68.7,9051.54,141,22,4.8,93.1,Cafe,Marseille,807388.42
397,27.55,9081.92,255,34,3.7,89.7,Italian,Marseille,369346.44
404,24.55,1441.95,133,40,4.7,33.7,Fast Food,Paris,322980.0
484,71.81,1536.25,31,44,4.1,53.1,Fast Food,Toulouse,1066259.45
241,27.86,7643.29,25,21,3.9,69.7,Seafood,Paris,212107.54
384,53.86,9573.11,254,59,2.7,34.0,Cafe,Toulouse,650308.34
91,60.52,6698.49,222,54,2.3,6.5,Seafood,Toulouse,202358.64
259,64.15,4172.04,55,46,4.4,50.5,Italian,Marseille,541898.05
523,79.61,6866.38,292,23,4.6,60.2,Seafood,Paris,1295409.1
433,65.24,2365.23,124,14,2.8,0.6,Italian,Paris,854140.79
146,54.28,9979.87,229,40,1.0,9.6,Fast Food,Marseille,274890.22
506,72.16,4367.74,52,12,4.2,20.7,Cafe,Lyon,1131220.43
546,72.93,9323.69,100,19,2.1,34.8,Cafe,Lyon,1219907.04
267,77.99,4364.9,291,31,1.0,54.1,Seafood,Paris,621816.89
501,63.23,9288.58,266,34,4.2,29.4,Italian,Marseille,1000135.72
331,19.62,3423.29,282,45,3.1,27.6,Fast Food,Toulouse,215179.87
463,58.24,7629.38,1,4,3.7,86.9,Italian,Toulouse,842379.33
302,10.63,9514.92,21,59,4.7,14.5,Seafood,Paris,135184.12
21,28.85,6495.21,65,2,3.2,49.5,Italian,Marseille,60602.26
93,13.69,6807.9,211,37,3.0,95.3,Fast Food,Paris,66373.28
83,76.25,1118.57,235,7,2.2,62.5,Seafood,Paris,207089.22
366,30.41,4794.78,16,38,2.2,71.7,Fast Food,Marseille,368200.12
343,58.49,8878.88,13,30,4.2,43.1,Seafood,Paris,629858.2
258,47.85,2485.01,6,12,2.8,2.0,Cafe,Toulouse,396349.74
416,13.06,7904.79,221,53,1.7,64.6,Italian,Lyon,185779.83
356,47.1,6789.53,103,56,1.4,63.2,Fast Food,Toulouse,512246.88
360,54.58,2307.56,0,14,2.9,11.0,Fast Food,Lyon,607436.95
298,71.11,2899.63,286,12,2.9,46.2,Italian,Marseille,667209.9
372,10.26,4332.85,246,39,3.6,91.5,Fast Food,Paris,157457.97
482,27.17,1338.78,90,52,2.9,20.5,Fast Food,Lyon,425933.31
481,56.93,9142.38,213,26,1.6,46.1,Fast Food,Marseille,844525.83
312,7.57,7419.64,42,16,3.0,46.1,Cafe,Marseille,87952.17
426,20.27,3713.14,73,54,4.6,81.1,Fast Food,Marseille,285892.92
181,21.4,3066.69,241,14,1.6,82.5,Cafe,Toulouse,121806.73
522,55.2,6926.83,48,43,3.8,75.9,Italian,Toulouse,892608.38
467,26.45,4299.79,221,34,3.4,36.5,Cafe,Lyon,395017.53
474,49.97,2370.43,143,14,4.0,7.2,Fast Food,Lyon,744263.95
284,77.4,4358.49,208,39,1.6,34.9,Fast Food,Toulouse,656086.38
151,64.49,8725.84,98,54,4.8,68.0,Fast Food,Lyon,323852.38
139,29.97,779.21,187,59,3.5,70.3,Cafe,Lyon,140128.53
238,40.43,3746.75,113,25,4.4,96.5,Seafood,Paris,330421.6
436,20.05,9627.16,174,21,2.0,45.4,Seafood,Lyon,279036.3
524,6.18,246.84,270,45,4.0,63.2,Italian,Marseille,125186.43
319,26.73,8917.34,62,18,4.1,53.9,Italian,Paris,289640.83
128,32.71,3810.85,283,51,2.6,15.1,Italian,Lyon,160413.1
257,47.33,1976.23,224,25,2.5,46.1,Fast Food,Paris,390816.96
312,75.8,248.3,160,27,3.6,54.5,Seafood,Marseille,732272.89
598,76.09,798.18,35,41,1.4,95.1,Seafood,Lyon,1368405.2
206,10.26,1801.25,140,33,3.9,36.7,Italian,Paris,69885.25
55,51.1,351.55,195,30,1.2,98.0,Seafood,Lyon,97213.18
580,8.18,3424.91,150,15,1.8,54.2,Italian,Paris,164774.26
275,53.61,544.44,268,38,3.7,24.2,Fast Food,Paris,451210.48
454,13.83,6952.94,39,23,1.4,19.2,Seafood,Marseille,194237.07
27,75.98,8207.18,237,35,4.9,14.2,Fast Food,Marseille,105617.87
197,69.83,8885.89,221,28,4.5,45.3,Fast Food,Lyon,456335.55
261,6.67,5536.37,280,29,3.5,2.2,Seafood,Toulouse,73724.18
60,63.66,9470.44,224,58,4.3,44.5,Cafe,Lyon,149033.01
376,52.69,155.89,153,23,4.6,98.8,Italian,Paris,602272.15
132,42.15,1426.78,279,58,2.0,67.0,Seafood,Marseille,198406.81
185,50.2,3002.34,38,44,4.4,76.0,Fast Food,Marseille,292874.77
523,55.87,7911.34,216,59,1.8,11.9,Italian,Paris,907209.9
97,71.33,8865.35,243,4,2.7,47.3,Fast Food,Toulouse,238878.72
215,62.55,6219.53,108,23,3.2,28.6,Italian,Marseille,443832.73
421,48.15,3894.04,60,59,3.9,89.4,Seafood,Toulouse,626753.02
83,66.85,6691.87,197,49,1.1,18.1,Fast Food,Marseille,186546.83
444,79.02,1890.9,275,22,2.2,45.9,Italian,Paris,1054898.48
61,27.51,4632.95,171,17,3.4,58.8,Italian,Lyon,58327.46
392,13.88,5124.69,271,10,2.4,51.4,Seafood,Lyon,194299.17
325,59.86,1138.23,270,14,4.1,83.0,Italian,Toulouse,593392.09
228,78.39,435.34,41,11,3.6,23.1,Italian,Lyon,553378.43
486,13.75,7526.04,188,50,1.9,37.7,Fast Food,Paris,235137.01
323,37.38,5393.59,259,58,1.6,79.2,Seafood,Lyon,390949.43
411,9.67,3389.16,151,22,3.5,52.8,Seafood,Toulouse,138188.99
172,63.24,4428.56,130,50,2.8,40.2,Fast Food,Paris,333676.21
381,76.15,9581.26,113,43,1.7,2.9,Cafe,Paris,900621.34
283,42.42,3910.65,221,41,2.3,75.3,Fast Food,Marseille,395354.34
235,35.71,1124.44,53,8,2.2,97.2,Fast Food,Marseille,258879.78
562,73.08,4689.66,295,47,1.4,62.0,Cafe,Lyon,1244030.16
543,15.0,6515.68,41,23,3.2,85.7,Italian,Toulouse,265694.5
213,71.87,219.92,92,19,4.1,51.7,Seafood,Paris,487635.27
46,34.41,3390.17,259,22,3.3,23.2,Seafood,Lyon,86536.23
65,46.96,3995.79,280,52,4.3,1.4,Cafe,Lyon,112269.62
77,44.62,4690.78,191,51,1.5,65.3,Seafood,Marseille,106445.55
32,51.2,3086.67,124,15,2.7,49.3,Cafe,Lyon,93161.97
68,75.66,6702.53,295,11,3.4,78.2,Italian,Lyon,185526.97
113,76.33,9452.62,34,34,3.7,69.5,Cafe,Marseille,294646.56
470,67.34,9148.58,46,10,3.8,98.8,Seafood,Lyon,976217.56
398,19.37,6677.49,152,19,3.9,51.0,Seafood,Lyon,268733.66
29,30.01,5118.15,237,14,3.6,42.7,Cafe,Paris,66126.53
535,41.59,8275.57,4,18,1.4,28.7,Seafood,Lyon,690010.82
243,72.91,8375.78,124,24,3.8,47.7,Cafe,Marseille,582966.15
400,44.06,8312.77,86,26,3.9,87.3,Seafood,Marseille,559141.71
560,78.31,1662.67,2,55,5.0,4.2,Fast Food,Paris,1340513.18
321,78.79,351.78,164,17,3.8,97.8,Italian,Marseille,783869.43
222,49.89,9833.61,222,25,3.7,99.3,Seafood,Marseille,374607.43
590,70.81,9600.58,296,32,3.1,59.8,Seafood,Marseille,1291437.34
215,79.94,5687.35,24,12,4.5,33.2,Seafood,Lyon,534279.87
341,68.73,9931.33,38,24,5.0,22.3,Cafe,Paris,746890.05
437,54.27,7728.42,104,42,4.1,27.6,Seafood,Toulouse,741910.59
361,68.39,5222.06,4,40,3.5,5.0,Cafe,Paris,760267.02
408,11.2,3954.38,135,23,1.3,47.5,Seafood,Paris,152544.39
28,52.61,5969.35,3,34,3.9,5.7,Fast Food,Paris,63091.2
551,21.24,5206.44,168,42,3.8,71.8,Fast Food,Toulouse,369912.95
168,13.7,9938.65,77,43,4.1,37.2,Italian,Toulouse,79841.29
402,71.97,4955.56,18,49,1.5,19.9,Cafe,Marseille,900723.91
548,52.97,8375.62,204,54,3.6,54.5,Italian,Lyon,911027.54
31,23.27,8154.88,32,19,2.2,97.4,Seafood,Marseille,44345.78
495,34.01,806.92,149,15,4.0,69.5,Seafood,Marseille,522566.65
598,78.0,961.37,192,29,2.0,49.2,Fast Food,Toulouse,1385841.73
72,69.66,6632.12,138,12,3.7,77.7,Italian,Marseille,174388.49
455,6.17,2665.17,271,25,2.2,73.7,Seafood,Marseille,111796.92
225,78.49,6609.52,195,37,1.0,89.2,Seafood,Toulouse,558043.52
73,32.64,1531.8,126,20,3.5,20.5,Cafe,Paris,100222.22
599,57.16,4030.98,230,14,1.5,85.9,Seafood,Paris,1046895.59
509,58.45,1114.46,43,34,3.6,30.1,Italian,Toulouse,926101.93
363,73.38,2892.72,229,54,4.7,94.1,Fast Food,Lyon,828241.91
188,71.38,974.16,215,20,4.9,28.1,Fast Food,Marseille,443696.33
180,26.13,9708.73,243,48,1.9,92.7,Seafood,Paris,166179.27
546,53.27,4011.08,8,53,4.2,96.4,Seafood,Toulouse,890927.81
546,34.53,9021.77,249,33,2.4,14.5,Seafood,Lyon,586056.93
306,44.42,9714.6,199,16,4.6,97.4,Cafe,Marseille,438682.54
431,46.6,9104.67,78,58,4.1,8.6,Seafood,Toulouse,644845.69
541,34.73,4604.1,244,12,1.3,21.9,Seafood,Toulouse,574526.59
588,39.79,7811.08,189,24,2.6,44.4,Cafe,Toulouse,720061.93
218,20.63,1621.62,85,6,2.3,99.4,Italian,Marseille,157689.98
180,50.57,1038.84,270,57,4.1,48.9,Cafe,Paris,303815.96
408,61.92,8781.32,261,23,2.6,55.0,Fast Food,Marseille,798918.7
493,37.23,408.09,0,43,3.7,69.4,Cafe,Marseille,574869.83
400,78.33,9726.04,19,19,3.4,96.8,Cafe,Paris,964397.94
143,9.29,6754.13,129,8,4.9,78.3,Italian,Toulouse,77826.32
91,49.19,4254.17,257,34,4.8,22.4,Italian,Lyon,171061.28
187,48.77,1499.62,130,4,2.7,30.3,Seafood,Lyon,282757.54
303,7.72,7259.99,6,29,3.9,9.8,Cafe,Paris,89638.54
513,21.84,5674.81,240,2,4.3,64.4,Italian,Paris,364122.6
55,72.92,7140.16,191,50,4.6,18.1,Fast Food,Toulouse,178214.06
194,45.84,4237.43,296,48,1.3,25.7,Seafood,Lyon,281437.5
218,37.73,755.97,114,38,2.2,88.8,Cafe,Lyon,273496.82
135,36.16,3218.22,101,23,2.3,32.7,Fast Food,Toulouse,160108.72
334,71.61,3218.71,0,49,2.7,56.7,Italian,Paris,744748.65
239,32.53,185.92,24,45,1.7,39.8,Seafood,Paris,251523.9
597,69.44,194.85,208,20,3.0,7.4,Fast Food,Toulouse,1272648.58
153,28.19,3374.51,142,15,3.7,36.3,Cafe,Paris,159672.14
141,44.86,7303.47,196,4,3.0,40.8,Fast Food,Marseille,233406.67
440,15.79,6278.03,144,20,3.7,89.6,Seafood,Paris,243008.58
511,66.88,2466.27,148,34,1.3,32.4,Cafe,Marseille,1055565.1
308,60.2,6067.35,180,22,4.5,37.9,Cafe,Lyon,575249.83
72,44.76,6509.04,54,2,4.8,78.3,Fast Food,Lyon,135008.02
224,6.94,5273.44,137,27,3.5,75.9,Seafood,Paris,77620.2
367,41.09,5261.4,208,11,4.5,79.8,Cafe,Toulouse,477587.8
70,21.89,3760.5,184,36,1.5,95.4,Seafood,Paris,68585.59
59,36.0,1321.6,64,14,4.2,79.6,Italian,Toulouse,73081.57
269,69.23,3916.29,36,7,1.5,40.8,Fast Food,Lyon,566238.69
237,62.72,3518.81,111,44,2.6,82.2,Seafood,Lyon,446446.54
198,23.15,5960.53,262,7,2.3,50.9,Italian,Lyon,178778.06
570,78.87,8576.98,75,36,3.3,27.8,Italian,Toulouse,1377226.98
202,72.74,3816.21,295,17,2.2,30.3,Seafood,Toulouse,485097.56
183,44.65,7126.38,177,42,3.5,22.4,Seafood,Lyon,284887.57
396,44.76,8137.12,253,9,2.5,14.5,Fast Food,Paris,565995.46
516,72.59,2196.34,0,4,4.4,18.4,Fast Food,Toulouse,1143125.43
480,52.71,9026.34,147,6,3.5,6.3,Cafe,Marseille,782540.01
493,45.25,797.4,158,22,1.9,88.8,Fast Food,Lyon,688333.32
56,61.19,9027.02,267,32,2.3,93.1,Seafood,Toulouse,132464.59
338,22.63,1719.97,149,15,4.4,58.7,Cafe,Lyon,243635.45
574,70.88,3437.98,128,38,2.5,84.0,Italian,Marseille,1225601.99
431,44.86,6091.83,125,20,3.1,18.4,Italian,Paris,597590.51
375,50.26,9066.27,0,38,3.6,90.2,Seafood,Marseille,615234.08
248,11.75,2631.44,116,54,2.4,50.6,Cafe,Paris,127819.94
283,28.21,7659.38,148,21,2.2,6.7,Cafe,Paris,267001.86
506,37.01,7133.31,268,53,2.9,14.1,Fast Food,Toulouse,593861.19
580,36.04,1681.12,188,3,1.9,30.9,Italian,Paris,639514.48
371,63.37,4846.69,140,58,2.1,4.4,Italian,Paris,716533.28
461,26.17,4866.9,104,8,1.2,30.9,Fast Food,Paris,391063.24
478,18.66,3115.66,251,34,2.2,6.0,Italian,Lyon,307013.65
44,48.7,7821.22,280,54,2.3,23.6,Fast Food,Toulouse,84181.64
150,51.13,9266.75,100,51,4.8,26.6,Italian,Toulouse,269156.74
389,14.12,7194.07,281,43,3.4,99.4,Italian,Paris,193692.84
455,5.19,9732.25,162,7,4.1,23.6,Italian,Lyon,104979.48
243,73.82,599.64,202,8,1.2,23.9,Fast Food,Paris,560946.34
371,10.97,468.5,99,45,1.4,68.7,Italian,Toulouse,118659.23
504,72.34,8949.2,280,19,4.3,85.9,Italian,Toulouse,1138969.3
216,34.94,8988.22,256,44,3.5,38.7,Cafe,Toulouse,269795.91
128,53.98,1160.5,93,55,1.8,87.6,Italian,Toulouse,218462.44
239,18.92,3638.72,278,30,2.6,34.0,Seafood,Lyon,168605.16
338,66.79,8370.41,226,20,3.2,19.7,Italian,Marseille,711802.73
101,18.51,1372.55,149,26,4.4,33.0,Italian,Marseille,95295.42
556,33.99,2747.54,61,5,1.2,60.9,Cafe,Lyon,563072.46
451,22.85,6841.86,128,52,3.4,36.7,Cafe,Paris,335495.54
27,67.81,9820.8,186,14,3.9,67.3,Fast Food,Toulouse,92159.17
168,69.38,7991.67,67,33,4.9,23.7,Fast Food,Toulouse,360780.63
117,32.9,7795.44,29,28,4.2,70.1,Seafood,Toulouse,137892.63
120,28.05,3492.36,274,52,2.1,34.7,Cafe,Lyon,114062.55
386,63.02,6647.3,126,35,3.8,45.6,Fast Food,Lyon,770744.61
481,70.89,1219.57,212,29,4.1,55.8,Fast Food,Toulouse,1042443.62
433,51.8,9923.44,133,10,3.9,68.6,Fast Food,Toulouse,701746.37
278,74.56,4857.78,218,9,4.3,23.9,Cafe,Paris,663151.93
375,33.73,6424.2,156,22,4.6,83.6,Cafe,Marseille,399039.69
30,16.39,8774.1,187,47,1.4,72.2,Seafood,Lyon,17939.71
435,18.47,109.55,161,31,1.4,23.4,Cafe,Marseille,247801.9
590,55.24,9762.23,128,30,4.2,97.5,Cafe,Toulouse,1001474.28
269,35.56,3655.68,88,10,2.0,66.5,Cafe,Marseille,290115.93
569,16.72,3461.95,161,14,1.2,45.2,Seafood,Marseille,305557.66
141,26.92,1536.13,35,19,2.6,15.8,Italian,Lyon,138635.53
84,44.8,8596.03,226,39,4.3,53.3,Italian,Lyon,159698.69
321,14.11,8721.31,150,56,1.5,16.5,Fast Food,Paris,170549.03
144,5.26,297.89,80,23,3.7,42.9,Italian,Toulouse,55681.38
331,73.8,651.68,46,32,1.0,40.9,Italian,Paris,718445.62
210,27.86,9191.58,203,36,1.4,72.0,Seafood,Lyon,204869.49
469,21.61,1316.39,147,43,2.4,19.2,Seafood,Paris,315671.2
178,57.39,6247.18,230,43,1.3,82.2,Italian,Marseille,319459.13
372,69.01,6234.54,26,11,4.4,32.6,Italian,Marseille,807627.56
282,52.42,8710.33,188,10,4.5,44.4,Italian,Lyon,465495.74
425,24.09,5769.28,164,32,4.0,77.2,Fast Food,Marseille,321570.33
36,69.62,4396.71,211,45,2.0,62.5,Seafood,Toulouse,102340.39
279,43.28,9746.37,74,57,3.1,30.8,Italian,Lyon,398731.02
374,33.59,2365.27,91,41,1.7,38.6,Cafe,Toulouse,392115.03
508,50.35,2700.91,61,25,2.1,30.6,Italian,Lyon,774306.23
233,57.55,939.22,65,42,3.1,59.5,Cafe,Lyon,427921.63
258,49.54,9755.64,79,50,3.9,33.3,Fast Food,Marseille,425956.09
199,74.02,7092.97,139,9,1.4,72.6,Cafe,Lyon,463171.9
438,52.1,219.76,129,51,2.2,58.0,Seafood,Lyon,686730.43
162,70.89,7072.71,253,21,4.7,14.6,Fast Food,Paris,379441.98
336,49.02,4100.95,28,18,2.7,31.0,Fast Food,Marseille,522711.36
263,29.73,9678.74,201,29,4.8,22.1,Italian,Toulouse,290379.72
251,44.92,2846.14,236,7,5.0,39.0,Fast Food,Lyon,368971.44
322,11.48,7131.83,86,43,3.1,51.6,Fast Food,Toulouse,136317.82
350,22.26,6311.6,95,34,2.2,50.7,Cafe,Paris,254480.51
580,62.47,219.29,286,29,4.2,75.5,Italian,Lyon,1116775.87
267,54.61,8863.65,288,54,1.6,18.9,Seafood,Toulouse,458670.9
302,17.49,1482.17,251,58,2.0,94.6,Italian,Marseille,146760.8
306,37.85,6669.53,179,2,4.1,34.3,Seafood,Paris,393474.99
51,15.65,7777.93,99,42,2.7,30.0,Cafe,Paris,69038.28
519,69.19,6346.18,72,53,1.8,68.5,Fast Food,Toulouse,1091123.57
549,13.19,1061.43,130,36,3.6,80.6,Fast Food,Lyon,228764.91
400,54.07,9754.27,181,25,3.9,37.8,Italian,Lyon,685220.4
82,50.53,2444.5,193,7,1.5,74.7,Italian,Marseille,137455.51
147,40.46,6315.86,17,8,2.1,88.4,Italian,Marseille,208697.58
547,25.87,7992.06,125,10,1.9,76.7,Fast Food,Lyon,449061.18
182,35.3,9398.44,210,38,2.5,3.4,Fast Food,Paris,215609.43
270,65.48,6079.7,6,17,4.1,82.7,Cafe,Marseille,546943.46
314,62.12,2664.64,113,35,3.9,77.4,Seafood,Marseille,619583.7
198,60.41,8382.73,83,36,3.7,66.9,Italian,Paris,397564.61
248,61.24,1715.88,101,36,1.0,76.0,Fast Food,Lyon,475825.02
413,15.79,320.6,92,21,1.6,97.9,Seafood,Toulouse,196277.13
415,12.43,9090.67,101,59,1.9,43.1,Italian,Marseille,198293.87
91,69.61,5796.35,250,24,2.1,6.7,Italian,Paris,196792.88
337,67.79,789.45,23,43,1.6,46.1,Seafood,Marseille,702097.09
398,56.1,5839.32,166,55,2.6,4.6,Seafood,Paris,675817.15
155,50.44,1535.64,139,36,1.3,29.4,Seafood,Marseille,238226.15
397,32.52,410.72,93,48,4.0,58.7,Fast Food,Lyon,425399.51
138,21.81,1253.59,180,47,4.2,31.0,Cafe,Paris,125087.43
549,55.07,7773.56,63,24,3.3,68.5,Italian,Toulouse,930961.04
542,73.48,7581.04,3,5,1.4,82.2,Italian,Toulouse,1208027.99
406,37.77,6082.75,93,11,4.6,42.0,Seafood,Marseille,495028.95
593,27.74,2172.35,271,44,4.9,90.0,Fast Food,Toulouse,531814.53
592,25.31,7415.77,282,12,1.8,8.0,Seafood,Marseille,487785.05
592,6.78,4139.65,131,41,3.8,84.0,Fast Food,Paris,143679.93
288,44.02,5156.46,71,56,4.4,82.9,Cafe,Paris,395369.64
543,79.12,8986.64,80,56,3.2,32.2,Italian,Toulouse,1321514.45
566,66.14,4632.79,173,10,2.3,29.9,Italian,Toulouse,1140392.08
505,72.31,6301.02,299,41,2.9,30.5,Fast Food,Lyon,1112421.69
457,51.59,9621.34,51,13,3.0,81.1,Cafe,Paris,740727.6
582,41.11,4568.76,289,18,2.6,83.2,Cafe,Toulouse,741282.6
574,79.28,5651.21,236,33,4.7,33.0,Italian,Toulouse,1404963.54
130,38.54,5885.7,276,24,4.0,59.3,Italian,Toulouse,175710.11
341,73.76,2483.04,279,16,2.0,13.9,Seafood,Marseille,778736.47
546,62.14,7395.53,43,52,3.3,46.9,Fast Food,Lyon,1033135.51
196,29.82,7293.71,253,29,3.8,99.9,Italian,Paris,202064.85
570,42.73,2214.21,133,53,1.6,15.9,Cafe,Toulouse,742235.17
557,33.82,232.05,55,39,2.4,94.8,Cafe,Toulouse,595998.46
492,15.22,9989.52,13,6,4.6,82.4,Italian,Toulouse,270739.73
582,31.76,5857.72,177,41,3.3,97.2,Cafe,Marseille,594128.11
407,71.67,1892.22,100,19,1.9,18.0,Fast Food,Paris,903599.8
117,61.45,2907.3,179,54,1.5,21.4,Cafe,Toulouse,267158.77
430,25.82,6216.14,256,22,3.1,1.7,Cafe,Toulouse,363438.1
394,32.59,1462.39,267,16,3.2,72.5,Italian,Marseille,422951.39
189,51.23,469.08,36,4,2.3,64.4,Fast Food,Marseille,313524.07
75,36.21,8004.95,203,47,3.5,17.8,Fast Food,Lyon,125000.25
344,42.73,7186.88,258,27,1.3,79.1,Seafood,Lyon,481156.32
279,57.36,3165.06,154,16,1.6,29.9,Fast Food,Paris,491737.66
581,40.04,679.06,237,46,3.2,13.5,Seafood,Lyon,714668.94
359,19.32,4914.08,99,54,1.2,42.3,Italian,Paris,226625.18
423,44.04,2834.24,272,21,4.5,9.1,Cafe,Lyon,589231.96
551,31.71,4038.01,112,22,1.6,26.3,Fast Food,Toulouse,543648.32
193,26.81,2812.3,109,27,3.7,37.1,Seafood,Lyon,195755.84
557,29.61,1835.15,142,42,2.6,85.2,Fast Food,Toulouse,508594.36
179,37.93,3931.2,166,24,2.6,79.3,Italian,Paris,222854.11
29,71.5,9652.45,259,50,4.1,44.3,Seafood,Lyon,104106.79
275,60.05,2735.66,144,52,3.0,72.5,Seafood,Lyon,515112.81
363,55.09,3426.07,229,26,3.9,56.9,Seafood,Lyon,610009.15
555,40.34,3359.5,267,5,3.0,34.1,Italian,Toulouse,691238.97
392,5.14,4854.86,31,53,3.4,72.6,Seafood,Toulouse,92222.42
454,30.54,8450.7,298,11,4.0,68.3,Cafe,Lyon,468966.32
65,65.99,4081.01,218,23,3.4,61.9,Italian,Paris,144615.83
74,34.11,8080.86,176,4,3.5,61.8,Cafe,Toulouse,97272.67
97,47.29,1238.62,103,20,4.2,68.3,Cafe,Marseille,162834.17
510,20.36,8959.58,235,32,4.8,38.5,Italian,Paris,332891.42
291,73.69,1934.51,92,10,2.5,86.9,Fast Food,Paris,656105.76
569,74.24,488.09,200,30,3.3,16.2,Cafe,Paris,1271148.51
130,15.96,1667.71,298,38,1.3,88.4,Italian,Toulouse,90896.18
34,59.31,1988.42,230,47,2.4,34.2,Cafe,Lyon,72385.52
97,10.64,5134.19,254,8,2.6,12.5,Seafood,Lyon,73272.03
520,49.89,4554.39,84,54,4.3,60.0,Cafe,Marseille,819430.8
437,18.4,7187.16,34,39,3.1,37.6,Cafe,Lyon,261721.57
294,15.93,604.42,116,25,3.9,81.5,Cafe,Marseille,152509.63
513,5.31,5027.29,175,9,1.1,43.1,Seafood,Marseille,96326.38
216,75.56,3391.47,275,35,2.9,66.9,Cafe,Lyon,513669.54
395,67.19,6343.99,84,58,4.6,30.8,Italian,Marseille,833858.95
82,10.81,532.63,116,27,1.9,20.9,Cafe,Paris,31446.11
380,49.95,445.85,203,29,1.1,38.8,Italian,Paris,587122.72
563,22.47,4329.79,145,29,2.7,60.7,Cafe,Paris,405066.27
129,24.8,8132.26,214,47,3.8,65.7,Cafe,Toulouse,128050.44
213,70.56,6743.83,104,55,2.8,57.8,Cafe,Marseille,469953.74
538,13.57,265.39,296,8,2.8,98.8,Fast Food,Marseille,237489.04
478,50.11,1866.87,68,4,3.7,69.1,Fast Food,Paris,733068.69
320,35.09,2344.64,254,53,2.0,93.2,Seafood,Toulouse,356045.35
587,19.31,4288.28,230,23,4.0,11.8,Italian,Lyon,371935.91
515,38.89,5908.49,202,56,1.6,6.1,Seafood,Paris,624370.31
168,75.54,2242.96,247,39,2.6,31.1,Italian,Toulouse,419688.46
480,63.62,3886.89,248,54,3.6,13.7,Seafood,Lyon,943593.89
158,14.91,5881.04,143,47,4.3,52.6,Seafood,Toulouse,113900.94
311,68.71,3896.01,282,45,4.2,51.9,Cafe,Lyon,675844.19
354,75.31,1517.38,240,19,3.9,57.5,Cafe,Marseille,823985.83
203,25.77,4967.45,228,13,2.4,74.5,Cafe,Marseille,179758.88
326,30.01,3307.54,30,32,1.5,97.1,Cafe,Toulouse,305970.85
281,14.47,8655.46,108,40,1.9,87.8,Cafe,Toulouse,149422.97
329,30.87,7778.69,26,6,4.5,11.8,Seafood,Lyon,329781.73
363,55.49,1983.72,159,45,4.4,33.9,Italian,Toulouse,617788.28
443,25.41,1611.09,16,42,4.8,25.6,Fast Food,Toulouse,370978.51
533,5.51,3542.0,266,30,1.3,17.7,Fast Food,Lyon,114219.14
543,30.39,4180.53,128,44,3.1,54.5,Italian,Lyon,526840.25
280,38.99,9326.98,219,37,3.6,55.3,Fast Food,Marseille,365436.19
381,47.48,3086.05,81,15,3.8,22.7,Seafood,Paris,575617.72
188,56.29,8689.09,48,59,3.6,71.2,Italian,Toulouse,356603.53
219,9.63,5102.56,40,45,4.1,73.3,Italian,Lyon,100099.23
404,40.23,8867.67,19,19,2.4,2.1,Fast Food,Marseille,504673.7
331,24.98,7049.34,36,8,1.7,39.6,Fast Food,Paris,256875.89
331,76.1,7113.05,38,24,1.8,89.0,Seafood,Toulouse,772216.88
585,31.99,5236.1,108,34,1.0,52.0,Cafe,Marseille,576264.81
414,12.51,8419.01,63,46,2.4,34.8,Italian,Paris,178843.5
370,8.11,2618.81,174,17,1.4,25.4,Cafe,Toulouse,85662.31
47,24.91,9082.78,278,38,2.3,24.3,Fast Food,Marseille,83024.2
152,18.42,6404.08,31,52,3.5,10.0,Italian,Toulouse,108980.86
399,53.73,4443.22,208,26,4.6,81.7,Cafe,Paris,678699.97
547,68.52,9823.68,18,10,4.4,8.7,Seafood,Lyon,1173954.21
306,28.44,8633.94,105,56,2.0,29.2,Seafood,Marseille,262680.39
303,48.33,7743.01,205,29,1.5,4.6,Seafood,Paris,457417.28
246,59.77,2811.63,246,10,1.8,78.1,Italian,Toulouse,455368.87
446,34.89,9740.03,166,13,4.9,3.9,Italian,Paris,505895.14
46,9.97,7455.58,88,19,3.2,30.8,Italian,Paris,40967.1
351,22.19,6091.65,10,28,1.7,57.3,Italian,Lyon,265969.52
136,71.23,9225.81,48,27,4.4,41.0,Italian,Marseille,334151.7
108,66.84,1705.6,60,57,2.6,28.2,Cafe,Paris,242900.35
141,11.49,1476.26,170,27,4.6,27.5,Cafe,Lyon,77688.29
52,21.8,5680.76,142,11,2.0,79.8,Seafood,Lyon,41375.41
417,62.69,661.46,206,59,2.6,97.4,Cafe,Lyon,781567.12
544,41.44,6673.47,200,18,3.0,34.8,Cafe,Toulouse,690016.93
43,62.0,2483.34,4,52,4.6,3.9,Seafood,Lyon,110382.67
344,20.83,1278.36,210,33,4.5,3.7,Seafood,Lyon,243900.84
53,76.45,4154.01,28,25,3.3,75.9,Fast Food,Lyon,142744.88
266,63.77,4712.9,189,44,1.9,55.2,Seafood,Lyon,525548.18
38,19.81,1787.8,187,49,2.6,78.4,Cafe,Marseille,62122.32
49,46.88,511.2,254,9,4.9,69.7,Italian,Marseille,91031.36
68,13.48,4199.15,149,31,3.4,90.8,Seafood,Lyon,63056.12
199,32.11,7619.31,12,27,4.1,88.6,Fast Food,Paris,223884.79
389,54.47,8754.58,156,25,2.8,78.8,Cafe,Toulouse,665307.37
414,29.76,1065.73,79,28,3.1,47.5,Fast Food,Paris,400064.17
515,54.26,5294.29,272,16,2.7,30.8,Fast Food,Paris,879823.74
450,23.36,2707.69,147,29,3.8,50.7,Cafe,Lyon,338966.04
226,59.09,3808.88,205,12,4.4,50.2,Fast Food,Paris,440435.55
54,31.97,9341.07,113,40,3.0,61.0,Cafe,Marseille,86701.92
432,64.29,3585.54,5,3,2.9,18.6,Fast Food,Marseille,853251.08
383,15.25,3716.92,277,52,2.4,65.6,Italian,Toulouse,200380.43
329,32.15,2173.02,231,10,1.7,45.7,Seafood,Marseille,326819.94
298,39.79,9604.18,136,51,4.8,62.0,Italian,Marseille,393787.88
171,36.79,4619.22,159,46,2.3,24.0,Italian,Lyon,204535.18
246,37.48,5746.88,288,24,4.2,43.4,Fast Food,Marseille,320996.49
262,38.36,4586.36,204,34,3.9,21.0,Seafood,Paris,331017.13
29,79.16,2603.9,157,20,4.2,87.5,Seafood,Paris,83937.91
411,19.49,8123.08,105,14,4.7,48.8,Seafood,Marseille,270861.95
67,62.65,381.87,81,15,3.5,22.5,Fast Food,Toulouse,113626.66
223,46.38,6933.41,269,33,4.6,4.1,Italian,Toulouse,344117.39
176,36.02,5983.3,48,50,1.7,67.6,Cafe,Toulouse,208997.0
45,52.51,1528.38,205,23,3.5,21.5,Cafe,Marseille,93419.71
440,69.01,1742.46,217,21,4.1,99.0,Cafe,Toulouse,958187.23
283,40.0,6626.33,163,34,2.1,53.4,Seafood,Marseille,369048.56
548,69.86,3190.17,278,6,4.0,28.9,Cafe,Paris,1184148.17
489,12.03,2730.81,230,21,4.1,65.8,Italian,Toulouse,189243.62
273,53.98,685.65,198,15,4.3,27.5,Cafe,Toulouse,464938.25
565,29.99,7688.18,213,28,2.3,82.0,Seafood,Toulouse,530756.14
166,34.0,8838.45,283,27,3.7,30.8,Seafood,Paris,198876.86
345,47.83,8216.46,275,33,2.2,98.8,Cafe,Marseille,515866.38
357,40.99,4713.74,184,31,4.0,60.5,Seafood,Paris,451672.28
137,33.63,5386.17,209,28,2.9,84.4,Cafe,Paris,152220.02
184,28.12,2498.53,120,27,3.4,7.3,Seafood,Lyon,187111.13
569,51.37,1811.26,215,19,2.7,34.8,Fast Food,Toulouse,895973.64
217,42.92,8247.71,96,46,1.6,73.7,Fast Food,Marseille,296636.74
393,29.25,8003.61,118,24,1.7,65.5,Italian,Marseille,367668.8
597,20.37,7795.86,281,45,1.3,19.4,Fast Food,Lyon,400314.4
583,63.09,4687.26,105,48,3.5,35.6,Cafe,Lyon,1130117.1
148,64.98,8658.63,141,25,4.4,26.3,Seafood,Paris,331722.89
433,21.03,9269.7,267,5,1.1,61.3,Italian,Lyon,289458.2
399,24.62,3350.61,290,42,1.3,34.5,Cafe,Marseille,305841.02
20,22.94,2324.48,166,4,2.8,30.9,Cafe,Marseille,38110.49
186,71.34,4696.2,159,55,4.0,20.7,Italian,Marseille,447228.04
35,63.06,1875.33,230,44,1.6,40.9,Italian,Paris,95923.74
131,10.59,8851.63,13,31,2.1,19.6,Cafe,Toulouse,71484.43
387,67.45,3446.11,192,48,1.9,96.3,Seafood,Toulouse,803118.0
121,7.76,5804.1,154,17,2.6,15.5,Cafe,Paris,66965.64
425,23.99,5987.72,100,8,1.9,91.3,Seafood,Marseille,334300.86
526,73.92,5198.38,59,40,2.4,42.8,Italian,Marseille,1164498.55
59,69.82,1649.6,42,23,3.9,37.8,Cafe,Paris,135856.49
567,63.61,9910.91,192,42,3.4,23.1,Fast Food,Paris,1121093.87
400,39.32,1808.77,108,32,1.3,63.6,Cafe,Lyon,465343.48
535,29.11,7539.92,92,50,3.6,68.6,Seafood,Paris,489389.49
516,71.12,7934.49,215,14,2.9,46.8,Cafe,Toulouse,1124641.19
300,54.28,1537.12,162,42,4.7,5.6,Seafood,Paris,515004.02
370,27.16,9338.32,233,42,2.2,91.9,Fast Food,Marseille,328269.18
353,39.74,4928.81,166,53,3.9,98.0,Italian,Marseille,448168.61
543,71.11,6325.94,147,30,3.9,43.1,Fast Food,Marseille,1198563.89
302,72.76,6457.64,27,29,1.9,61.4,Seafood,Toulouse,676279.82
338,54.45,5099.06,258,45,4.6,45.0,Italian,Toulouse,584085.29
433,59.94,1506.02,85,54,3.0,32.2,Italian,Lyon,784087.91
33,7.95,7542.36,107,20,3.7,7.7,Cafe,Paris,50067.5
75,50.35,5859.68,116,24,1.6,45.6,Fast Food,Lyon,125682.04
422,56.67,1274.94,14,48,2.0,81.8,Seafood,Paris,718764.31
361,6.53,7033.19,210,51,3.3,1.7,Seafood,Paris,104100.59
218,68.29,7057.36,30,9,2.3,58.2,Italian,Toulouse,461633.23
311,74.62,5530.02,281,26,3.0,88.1,Cafe,Marseille,719860.1
460,22.85,996.43,184,39,2.5,21.8,Seafood,Paris,335589.25
97,68.43,3591.18,65,58,3.6,18.3,Cafe,Toulouse,220553.24
131,54.91,604.15,62,39,2.9,77.2,Italian,Lyon,255558.62
554,48.55,4828.2,227,36,1.0,25.5,Italian,Marseille,822935.01
394,68.23,9073.83,100,27,3.6,19.2,Italian,Lyon,846267.73
135,26.42,122.3,138,4,2.7,37.8,Cafe,Lyon,104027.51
161,64.31,2739.72,118,3,2.4,39.3,Seafood,Toulouse,320480.39
216,28.59,8018.61,56,6,1.4,87.4,Fast Food,Marseille,194541.98
559,64.06,197.62,130,21,1.9,61.8,Cafe,Paris,1077138.83
318,38.83,200.72,36,13,1.9,40.6,Italian,Lyon,385114.66
95,13.77,6147.1,110,39,4.7,53.4,Fast Food,Paris,84520.8
549,33.61,7913.08,152,17,2.7,95.4,Fast Food,Marseille,585412.63
119,22.51,7787.4,249,38,1.2,11.3,Fast Food,Toulouse,100755.35
498,12.54,7817.82,241,39,1.6,20.8,Fast Food,Toulouse,205585.78
487,13.27,3673.96,207,37,1.3,96.3,Fast Food,Toulouse,221161.64
311,63.51,8838.97,169,47,3.4,95.7,Italian,Paris,646899.31
144,71.1,227.07,256,30,1.7,17.7,Seafood,Paris,322463.16
538,74.53,3190.67,278,36,3.0,14.5,Fast Food,Marseille,1237653.84
42,69.05,3438.16,112,50,2.5,42.1,Seafood,Paris,110333.94
181,67.27,1739.15,174,38,4.2,5.0,Seafood,Toulouse,399919.87
525,10.16,3428.64,88,55,2.3,65.5,Cafe,Lyon,166777.49
40,64.26,5900.25,134,22,2.8,7.7,Italian,Lyon,97761.01
483,63.75,5250.77,293,22,3.9,5.8,Fast Food,Lyon,960928.35
502,14.85,3262.33,205,29,2.7,48.5,Seafood,Toulouse,258259.4
521,54.65,7518.34,72,7,4.2,95.8,Cafe,Paris,879715.67
328,38.94,7176.43,258,21,3.6,42.7,Seafood,Lyon,396761.25
572,72.5,2878.9,147,37,2.6,35.6,Fast Food,Paris,1259375.71
222,57.16,3299.96,224,14,3.0,99.8,Italian,Paris,415216.85
435,76.32,2946.45,104,41,4.9,53.2,Italian,Toulouse,1011136.72
161,12.87,1375.63,43,12,3.6,37.5,Fast Food,Paris,71316.35
126,8.05,7552.54,25,25,4.6,38.6,Seafood,Paris,66817.0
548,78.02,558.14,260,20,1.7,19.5,Cafe,Toulouse,1296026.3
556,11.01,1590.75,58,24,2.9,51.2,Italian,Marseille,207637.59
595,33.96,1142.51,60,32,4.6,43.9,Italian,Lyon,619812.5
310,53.75,8270.86,69,38,2.3,27.1,Seafood,Lyon,521911.5
330,71.0,535.68,270,38,4.9,16.1,Seafood,Paris,745555.37
404,24.09,6679.81,256,4,1.4,31.1,Seafood,Marseille,302181.55
72,7.18,540.3,124,35,4.6,50.9,Cafe,Toulouse,56568.37
202,44.1,7885.79,18,30,2.8,5.8,Seafood,Paris,282760.52
388,40.33,9135.87,118,4,1.3,15.4,Cafe,Toulouse,500498.82
32,28.02,4919.75,65,16,4.5,94.8,Fast Food,Lyon,54349.24
578,70.54,8064.96,244,8,2.0,54.3,Cafe,Toulouse,1238691.96
179,61.2,7093.46,56,4,1.1,6.3,Seafood,Lyon,340935.2
303,69.36,7976.79,43,48,1.5,69.3,Cafe,Toulouse,656256.88
584,17.14,7691.07,11,44,3.6,6.2,Cafe,Toulouse,329980.87
306,56.93,2133.14,235,17,4.9,73.9,Cafe,Marseille,566201.8
27,78.13,5045.63,23,46,1.4,75.0,Italian,Toulouse,92671.15
91,50.89,9608.1,256,35,2.8,65.1,Seafood,Paris,160631.54
117,17.85,3500.98,283,21,1.7,73.2,Cafe,Marseille,69502.28
106,79.68,9707.82,250,45,4.0,8.8,Seafood,Paris,279896.19
120,44.62,5873.3,93,54,1.5,72.7,Fast Food,Toulouse,169809.99
300,68.0,4669.95,21,40,2.0,13.7,Cafe,Toulouse,640467.07
308,16.2,6611.8,156,34,1.8,34.0,Cafe,Marseille,177329.32
215,54.96,8176.81,88,15,3.2,94.3,Fast Food,Lyon,379066.94
410,73.45,4002.66,201,57,4.5,50.3,Seafood,Marseille,935847.96
469,44.9,426.25,196,43,3.0,96.7,Fast Food,Lyon,665345.43
387,26.65,7117.18,44,36,1.2,8.9,Fast Food,Lyon,346042.38
449,14.56,9566.05,78,12,3.3,47.8,Fast Food,Toulouse,231126.12
115,27.2,6287.37,38,55,4.2,6.2,Fast Food,Paris,98438.24
280,31.62,1965.3,283,21,1.5,63.0,Seafood,Marseille,284688.82
531,58.25,2557.6,154,31,1.3,7.9,Cafe,Marseille,950686.38
140,18.4,9106.53,148,54,1.8,17.5,Fast Food,Toulouse,105146.12
385,12.96,234.26,51,59,4.0,25.9,Fast Food,Toulouse,178324.54
351,34.02,5532.59,250,29,3.4,74.9,Italian,Marseille,392100.14
71,39.4,1670.91,146,16,3.2,16.4,Seafood,Marseille,93001.91
415,52.13,2899.37,257,39,2.0,84.7,Fast Food,Paris,659645.17
337,58.06,3139.12,272,51,2.3,13.2,Italian,Toulouse,605423.76
296,71.7,2270.9,124,14,4.9,3.5,Fast Food,Paris,677736.5
213,26.67,7944.29,203,48,2.0,39.5,Seafood,Toulouse,188738.89
40,44.65,3388.87,255,36,4.6,97.9,Italian,Toulouse,91322.33
418,32.45,3520.3,130,48,3.3,11.0,Italian,Paris,434340.38
221,5.11,4584.77,20,25,1.5,10.2,Seafood,Lyon,64518.43
485,48.46,9032.72,77,57,2.9,75.1,Italian,Lyon,734265.28
170,66.18,6912.91,50,2,4.8,31.2,Italian,Lyon,355339.78
178,7.73,711.32,265,43,2.7,71.7,Fast Food,Toulouse,67613.88
329,5.26,488.69,115,25,4.5,20.0,Italian,Paris,98829.79
523,59.59,5707.25,54,28,2.0,46.0,Cafe,Lyon,961731.81
45,56.29,8881.9,291,19,3.3,26.5,Seafood,Marseille,103757.73
85,35.44,3300.19,50,59,4.4,45.2,Fast Food,Lyon,107502.83
282,54.62,2552.94,272,27,4.7,76.9,Italian,Paris,485324.92
491,76.5,7507.09,253,30,2.9,76.2,Cafe,Toulouse,1177698.75
186,23.59,6060.7,60,9,3.6,51.6,Fast Food,Paris,156649.98
173,23.44,5693.77,224,45,1.0,92.8,Seafood,Toulouse,133047.82
362,18.97,1578.08,102,27,2.0,26.4,Italian,Paris,218836.95
432,59.3,1842.02,47,6,2.1,24.0,Seafood,Paris,779561.96
203,31.49,2889.7,224,34,1.4,61.4,Seafood,Marseille,223265.15
213,79.15,2147.71,232,41,2.1,62.1,Italian,Lyon,513985.29
21,58.6,9717.3,69,6,2.3,4.7,Italian,Lyon,76180.38
234,32.55,284.25,46,50,4.9,60.8,Fast Food,Paris,255568.3
502,16.19,6297.96,227,48,3.7,37.4,Seafood,Lyon,288378.61
580,49.4,5224.23,9,37,2.7,74.7,Italian,Marseille,896902.54
51,27.12,3300.19,184,14,5.0,80.8,Seafood,Paris,75971.86
34,72.91,8887.13,79,18,1.6,55.2,Italian,Lyon,94128.26
337,38.11,6734.61,12,14,2.9,0.2,Seafood,Lyon,410795.8
262,26.95,9983.71,83,26,3.6,63.6,Fast Food,Toulouse,245514.86
36,49.14,1769.69,85,59,1.2,74.9,Seafood,Lyon,46856.07
553,15.27,969.89,156,3,3.9,24.9,Italian,Lyon,292928.94
100,47.12,1480.03,143,25,1.4,46.5,Cafe,Toulouse,155897.9
455,9.21,2765.98,62,37,1.6,96.6,Fast Food,Paris,127474.48
27,50.52,4226.19,42,26,1.6,29.8,Fast Food,Paris,35425.25
306,44.76,8639.77,157,35,4.7,22.3,Cafe,Marseille,427220.46
205,44.06,2907.56,184,13,3.7,21.1,Italian,Toulouse,305215.14
543,56.31,9160.91,285,20,3.6,55.9,Fast Food,Paris,948541.49
441,8.33,4682.79,23,51,3.2,95.0,Cafe,Lyon,129141.08
485,39.48,6505.99,204,43,2.2,60.9,Cafe,Lyon,604154.53
102,38.3,2717.64,223,31,3.5,30.3,Seafood,Lyon,138073.98
586,39.48,1644.54,100,38,2.6,63.9,Seafood,Marseille,716990.45
502,78.49,8707.62,203,44,1.6,62.5,Italian,Paris,1208133.47
344,15.45,1184.11,7,2,3.8,59.7,Cafe,Toulouse,179518.87
438,56.78,7762.81,171,4,1.5,15.9,Seafood,Paris,752925.91
70,35.15,5851.74,207,50,1.8,63.5,Italian,Toulouse,87535.3
46,43.38,8625.26,95,27,4.3,43.0,Fast Food,Toulouse,102227.64
564,62.18,7206.4,161,16,3.6,1.9,Seafood,Paris,1077294.98
81,16.8,2888.47,290,47,3.5,54.0,Italian,Lyon,80510.4
190,62.27,5786.83,95,57,2.7,98.9,Seafood,Lyon,402483.26
305,10.27,229.43,144,48,2.6,35.0,Fast Food,Toulouse,116758.5
136,41.25,4804.66,257,49,3.8,96.6,Fast Food,Lyon,214575.31
23,60.66,951.53,299,29,4.0,9.6,Seafood,Marseille,76469.97
85,19.44,4346.56,101,5,3.0,73.2,Fast Food,Marseille,67769.22
79,62.82,1185.16,176,20,4.9,11.4,Italian,Toulouse,180682.66
521,17.51,9559.25,109,25,4.8,27.4,Seafood,Lyon,334333.38
248,64.94,5278.37,197,58,2.6,57.1,Seafood,Toulouse,502775.62
119,40.17,9140.86,128,41,4.3,59.3,Fast Food,Marseille,170784.92
138,56.35,321.43,136,7,3.2,77.5,Italian,Marseille,241149.2
88,73.81,6412.77,26,17,3.0,61.5,Seafood,Marseille,217822.26
240,35.63,3138.85,136,33,1.2,59.4,Seafood,Paris,259929.55
242,22.47,4375.11,163,31,3.3,91.2,Fast Food,Marseille,206195.06
523,70.04,8743.57,130,36,4.6,45.2,Fast Food,Lyon,1139806.52
230,17.12,9802.21,150,9,4.1,22.5,Italian,Paris,166048.58
594,52.36,2540.27,245,6,4.1,16.2,Italian,Marseille,959278.95
281,74.24,9487.71,109,38,1.6,40.0,Fast Food,Lyon,638852.79
537,55.58,6918.4,72,13,2.4,71.3,Italian,Marseille,906117.46
267,19.68,9519.0,285,26,1.9,4.3,Cafe,Lyon,178035.38
276,16.42,5667.43,274,34,2.3,12.9,Cafe,Lyon,164914.0
82,23.92,9611.49,66,40,3.3,10.6,Fast Food,Marseille,96279.26
411,34.36,8935.31,49,25,2.5,58.5,Seafood,Marseille,456573.73
559,16.94,1373.06,2,12,3.2,24.3,Fast Food,Paris,287296.66
436,64.84,3176.82,225,43,2.8,16.6,Fast Food,Marseille,871368.34
72,31.78,2506.33,65,36,2.1,59.3,Fast Food,Lyon,73943.68
57,75.21,5763.78,154,41,1.4,76.1,Seafood,Toulouse,151349.43
327,68.19,8047.71,110,2,4.6,33.2,Cafe,Paris,711006.24
72,73.16,7618.17,295,9,1.0,57.8,Italian,Lyon,168631.12
471,27.09,7294.82,255,24,1.0,9.8,Cafe,Lyon,413504.23
480,48.03,3815.12,273,21,4.3,93.5,Italian,Toulouse,747702.91
505,29.11,1482.41,154,33,5.0,33.7,Italian,Marseille,479668.47
156,24.27,2184.78,138,12,3.9,99.8,Fast Food,Lyon,137492.43
391,50.53,7442.61,166,8,1.1,97.9,Fast Food,Toulouse,609535.36
275,66.35,1560.59,18,59,1.9,77.9,Italian,Toulouse,557497.75
414,12.02,2307.17,222,31,4.9,2.0,Seafood,Marseille,174081.82
56,25.68,4303.07,56,49,4.2,54.3,Seafood,Toulouse,74240.99
166,20.39,813.91,293,40,3.3,8.7,Seafood,Toulouse,113738.44
27,64.88,2205.65,132,14,1.9,89.5,Seafood,Toulouse,49104.3
270,75.0,1582.7,291,43,1.1,79.0,Fast Food,Toulouse,623390.07
590,11.0,9518.09,204,50,1.1,97.2,Cafe,Toulouse,218769.47
466,33.44,1996.11,118,4,3.4,60.8,Cafe,Toulouse,484133.66
282,73.59,8631.52,252,8,1.1,52.2,Italian,Lyon,633231.71
458,30.85,1236.5,84,44,5.0,51.9,Seafood,Paris,455311.19
278,58.45,8709.76,184,14,1.7,38.6,Fast Food,Marseille,502815.89
342,12.55,6034.39,224,38,3.8,46.9,Fast Food,Paris,159905.14
549,38.33,8512.09,147,26,1.6,63.5,Fast Food,Marseille,672652.95
320,42.75,8686.75,279,24,3.2,93.3,Italian,Paris,451522.02
504,61.82,6004.1,226,52,1.3,59.6,Fast Food,Marseille,941053.22
111,26.66,9185.17,285,48,4.1,85.7,Italian,Toulouse,116007.04
183,24.81,5895.94,283,34,3.3,86.3,Italian,Paris,168729.0
354,27.72,7154.39,180,6,1.3,51.9,Italian,Paris,301464.78
334,46.68,4219.2,108,33,4.4,34.7,Italian,Marseille,478205.15
257,70.7,9149.27,134,31,3.2,64.0,Fast Food,Marseille,582824.63
102,67.32,8259.21,290,32,4.7,44.6,Fast Food,Lyon,250897.37
128,9.35,1750.46,289,14,4.7,8.1,Cafe,Toulouse,72315.67
197,70.92,5806.24,102,43,4.7,37.8,Fast Food,Toulouse,456016.91
269,12.13,8978.59,200,6,1.3,99.4,Seafood,Lyon,121203.88
586,36.15,7951.34,116,24,1.5,4.9,Seafood,Marseille,650642.12
110,62.41,9629.27,28,2,5.0,69.7,Italian,Toulouse,251118.25
358,11.11,2389.89,26,11,3.0,84.1,Italian,Marseille,153725.07
188,8.03,3737.85,12,51,2.0,64.9,Italian,Toulouse,56123.68
158,29.75,5121.2,41,28,4.1,57.0,Cafe,Paris,159809.4
536,59.74,2403.42,223,55,2.1,70.8,Italian,Paris,967833.14
597,44.13,4001.05,20,9,3.9,42.9,Cafe,Toulouse,807602.57
203,36.28,5421.64,135,53,4.3,9.1,Italian,Toulouse,255303.65
189,65.98,1994.26,220,4,4.1,96.2,Seafood,Toulouse,380601.71
381,62.5,2641.21,144,20,2.1,43.2,Italian,Lyon,736108.52
263,63.95,1335.94,9,52,2.6,66.5,Fast Food,Toulouse,526188.54
157,39.48,7162.48,224,3,2.7,53.1,Italian,Lyon,196693.74
47,6.46,3679.36,140,50,3.0,5.5,Fast Food,Lyon,22635.84
538,17.91,2280.63,105,32,1.7,95.3,Fast Food,Paris,303885.15
417,60.6,5122.51,267,49,2.8,79.3,Fast Food,Toulouse,783695.07
352,61.49,775.67,193,54,3.0,14.9,Fast Food,Paris,674554.28
336,77.92,9241.73,127,11,3.1,98.2,Cafe,Paris,815924.83
582,19.26,3015.23,212,54,4.3,73.7,Cafe,Lyon,379190.14
445,14.22,8876.0,150,17,3.1,47.2,Italian,Marseille,218439.31
155,15.41,5026.44,179,38,1.9,61.1,Italian,Lyon,82445.83
286,18.86,8516.49,25,21,3.7,10.7,Cafe,Paris,182959.12
126,44.64,2545.94,14,4,4.2,56.0,Italian,Lyon,201192.8
579,78.14,1835.18,21,36,2.3,7.4,Italian,Lyon,1372260.78
157,49.21,8509.18,64,35,3.6,54.5,Cafe,Lyon,270160.03
66,44.2,2207.95,250,22,1.6,55.3,Cafe,Toulouse,109959.15
387,55.5,7487.33,20,37,2.4,87.4,Italian,Lyon,647787.5
25,10.54,3511.38,232,33,4.6,72.5,Cafe,Paris,29411.24
542,66.15,7507.12,15,55,4.6,25.0,Seafood,Lyon,1099953.43
548,53.52,9085.7,271,19,3.3,88.8,Fast Food,Toulouse,907256.71
291,17.84,9818.22,204,35,3.8,57.3,Fast Food,Paris,189346.98
85,52.3,3662.11,297,57,4.4,60.6,Seafood,Lyon,176789.66
439,49.72,3738.51,159,39,4.8,16.9,Seafood,Paris,699584.99
358,9.86,9815.74,40,4,3.0,85.8,Italian,Toulouse,133491.1
517,25.02,8629.13,107,54,3.2,93.1,Italian,Marseille,416631.09
488,34.32,546.41,124,4,2.7,77.5,Fast Food,Toulouse,512190.08
350,23.37,5777.15,151,28,1.3,94.1,Italian,Toulouse,264462.6
150,23.24,1894.32,12,3,2.7,30.2,Fast Food,Paris,123186.69
549,47.97,9940.72,202,4,4.2,86.1,Italian,Paris,838081.74
457,40.31,1475.34,78,18,4.2,48.9,Italian,Marseille,585407.5
262,55.05,5637.54,41,47,4.6,16.4,Fast Food,Marseille,441948.13
482,76.73,6685.46,168,40,1.2,66.9,Seafood,Marseille,1127378.54
369,54.54,9376.94,248,55,3.1,68.4,Seafood,Toulouse,652124.21
36,48.66,8487.86,120,54,1.4,28.7,Italian,Toulouse,70303.44
485,68.57,2532.97,271,39,1.8,2.7,Seafood,Marseille,1027305.37
382,52.41,5768.98,299,41,4.6,20.0,Italian,Marseille,635187.55
229,17.42,9540.38,208,20,3.0,40.0,Cafe,Marseille,154895.2
544,28.61,7383.6,157,20,4.0,16.8,Cafe,Lyon,489761.69
439,60.0,6914.53,120,45,1.3,19.4,Cafe,Lyon,798479.31
152,60.38,7573.52,226,6,2.7,39.1,Seafood,Marseille,311968.0
33,79.03,3292.81,23,6,3.7,96.2,Seafood,Toulouse,110957.1
63,52.02,7319.6,229,15,1.5,76.4,Fast Food,Paris,121641.49
396,72.47,2405.26,25,28,2.3,32.0,Seafood,Toulouse,864276.25
314,9.09,4338.22,57,50,1.3,95.2,Italian,Paris,100213.18
415,47.47,8910.3,264,49,3.6,64.6,Fast Food,Marseille,640219.3
123,73.99,287.81,125,37,4.9,45.5,Seafood,Lyon,317883.48
464,26.54,4201.75,274,58,4.3,46.8,Fast Food,Lyon,399552.35
81,16.62,2741.54,27,41,4.9,41.1,Seafood,Paris,52940.23
584,31.29,2066.04,127,36,4.4,23.3,Italian,Marseille,584243.5
431,64.42,8401.9,93,22,4.4,38.7,Cafe,Lyon,866653.82
340,11.35,6995.34,190,6,3.3,52.8,Cafe,Marseille,155993.42
150,50.03,1215.06,271,56,3.1,52.8,Italian,Marseille,250688.31
218,15.17,4995.19,4,25,2.6,76.2,Fast Food,Paris,110950.14
55,37.66,4722.37,156,58,4.3,35.9,Cafe,Marseille,94425.0
235,77.45,1511.03,51,40,1.7,71.7,Seafood,Marseille,570892.43
325,19.64,8017.65,242,51,1.2,57.8,Seafood,Paris,212864.94
586,7.55,3730.07,150,25,4.8,96.2,Fast Food,Lyon,154976.05
31,37.04,7643.18,261,41,1.0,38.5,Fast Food,Toulouse,40245.53
102,48.33,2001.42,79,44,4.9,90.1,Italian,Marseille,169250.28
51,27.31,3219.23,182,47,3.9,82.1,Cafe,Paris,65651.78
427,45.63,1042.19,106,51,2.3,63.8,Fast Food,Lyon,607903.58
105,76.51,1520.44,153,14,3.8,65.5,Cafe,Marseille,254138.67
430,28.38,8843.52,292,39,4.3,8.5,Cafe,Toulouse,422244.8
582,28.21,1180.22,204,46,2.0,95.0,Seafood,Lyon,495025.41
275,41.21,1047.74,115,59,4.1,10.7,Fast Food,Paris,387668.97
260,43.65,9409.74,16,2,4.2,56.3,Italian,Marseille,393159.8
471,5.1,6494.44,287,44,2.0,33.0,Fast Food,Paris,98956.32
20,51.19,1099.07,155,40,1.2,43.0,Cafe,Toulouse,24985.67
301,79.8,9720.0,24,11,1.8,61.0,Seafood,Toulouse,744099.76
533,26.9,1556.29,277,3,1.8,90.9,Fast Food,Paris,443137.03
138,52.31,7686.82,125,17,1.3,45.8,Fast Food,Marseille,224350.76
524,5.35,445.03,299,38,3.9,98.8,Fast Food,Paris,113159.64
99,50.32,6282.96,275,17,2.5,59.3,Italian,Lyon,168638.41
238,38.53,5512.37,177,24,4.5,16.1,Italian,Paris,302263.7
536,44.77,2159.24,46,27,2.0,19.0,Italian,Toulouse,732023.67
485,45.79,6467.15,199,17,2.8,71.6,Italian,Marseille,688176.14
537,18.27,6208.82,50,28,3.6,5.0,Seafood,Marseille,343424.5
521,62.75,8003.68,294,48,4.5,48.0,Seafood,Toulouse,1015810.87
77,46.66,8771.15,269,42,3.1,14.8,Italian,Toulouse,146230.14
356,25.26,5150.04,196,31,2.5,43.3,Cafe,Lyon,295377.08
529,75.3,4953.92,20,34,4.5,75.0,Italian,Toulouse,1228869.38
445,5.96,6253.8,142,33,2.2,45.9,Italian,Toulouse,107077.58
579,59.45,7319.16,247,10,1.3,16.3,Cafe,Toulouse,1063878.85
389,33.59,3626.09,0,12,2.8,25.2,Fast Food,Marseille,414098.9
430,44.19,5095.95,273,38,4.1,36.8,Cafe,Toulouse,605903.88
451,26.86,5892.53,240,7,1.1,7.0,Cafe,Paris,383139.37
215,29.09,9884.94,57,31,3.3,58.4,Seafood,Paris,218713.73
396,6.14,5918.35,125,41,3.4,60.8,Fast Food,Marseille,92202.75
384,59.74,2319.45,51,16,4.7,6.2,Cafe,Lyon,715595.29
424,58.31,5921.1,222,49,2.1,40.2,Italian,Lyon,767937.52
511,54.08,8213.05,268,31,2.1,41.4,Cafe,Marseille,861247.62
85,70.85,8588.3,95,19,2.8,33.4,Seafood,Paris,211252.8
410,72.6,8022.48,272,13,2.4,55.8,Cafe,Marseille,920124.17
102,46.73,8893.27,60,56,3.9,34.6,Italian,Toulouse,176462.91
500,56.36,3414.19,180,5,3.6,41.6,Fast Food,Marseille,866584.82
248,5.82,5124.95,132,58,4.0,79.8,Seafood,Lyon,76760.46
244,68.48,7817.95,88,55,4.3,16.2,Fast Food,Paris,534049.24
132,66.23,2718.05,172,17,4.7,61.9,Seafood,Lyon,295093.48
204,6.52,3778.66,4,24,2.7,50.6,Italian,Lyon,69158.42
531,45.71,8328.44,203,12,4.9,30.5,Seafood,Paris,762119.37
192,73.0,7723.85,161,55,1.9,72.8,Fast Food,Toulouse,450752.73
542,18.6,9714.88,60,25,3.9,55.1,Fast Food,Paris,338040.42
224,31.45,9960.14,189,23,3.1,47.7,Cafe,Paris,265776.15
557,29.83,2483.37,62,40,4.3,66.8,Fast Food,Marseille,522761.35
338,31.7,9014.45,43,57,2.9,80.2,Cafe,Paris,357271.32
178,8.14,1035.7,238,16,4.1,97.3,Fast Food,Marseille,70434.68
297,25.93,7127.02,27,50,4.7,62.9,Cafe,Lyon,251883.78
167,27.11,2278.98,197,16,3.9,87.4,Italian,Paris,157472.68
102,69.94,3073.08,268,11,4.1,0.1,Cafe,Toulouse,253290.73
438,31.41,9468.58,170,29,1.3,53.0,Fast Food,Marseille,432503.33
557,38.54,2705.2,29,37,1.8,21.5,Italian,Marseille,635438.64
568,33.56,6764.46,153,55,4.9,9.4,Seafood,Toulouse,609255.06
411,14.05,1863.47,208,18,3.8,53.2,Fast Food,Marseille,188268.34
152,79.28,1024.56,62,37,3.2,74.7,Cafe,Marseille,381611.82
261,66.94,3459.24,56,23,2.5,41.2,Seafood,Toulouse,558460.53
470,45.57,6279.54,207,24,1.2,67.0,Cafe,Lyon,669790.88
219,40.73,2554.66,62,30,2.5,49.0,Seafood,Paris,300534.65
136,53.69,3071.67,247,23,3.0,43.7,Italian,Paris,237987.58
238,29.48,7116.43,140,12,1.8,29.0,Fast Food,Paris,231530.18
324,8.77,1117.68,92,37,1.7,38.3,Italian,Paris,86816.56
262,35.32,4524.36,106,45,3.0,35.0,Fast Food,Paris,294681.31
311,78.8,9423.17,87,30,3.3,64.6,Seafood,Paris,758309.91
320,18.68,4030.02,107,56,2.0,11.6,Italian,Marseille,184445.8
407,44.58,4398.59,45,43,3.3,9.3,Fast Food,Paris,581978.25
228,5.64,7408.22,76,33,4.6,66.0,Seafood,Marseille,53290.33
333,14.15,7812.21,216,15,2.9,54.6,Italian,Toulouse,185598.2
45,49.04,7719.1,168,19,4.4,43.0,Italian,Lyon,115603.24
98,27.31,9978.88,128,39,4.7,15.2,Italian,Marseille,126317.65
147,72.93,807.37,200,38,1.4,41.1,Italian,Lyon,322687.28
432,35.46,9824.31,195,35,1.4,79.0,Cafe,Toulouse,469376.31
156,20.6,9506.88,267,58,2.9,89.0,Seafood,Paris,125024.28
353,45.92,8536.18,87,46,3.4,70.3,Cafe,Lyon,524088.27
567,64.62,4595.84,252,24,2.7,6.0,Seafood,Lyon,1124650.6
407,6.46,8721.93,237,33,2.3,67.0,Seafood,Toulouse,97764.5
590,42.91,2286.24,72,47,3.6,24.1,Seafood,Toulouse,793858.41
