building_surface,outside_temperature,occupancy_rate,equipment_usage,solar_panel_efficiency,insulation_score,building_type,city,energy_consumption
2125,27.7,0.13,0.4,0.88,32.8,Mall,Tunis,3355.47
2546,37.0,0.85,11.5,0.88,42.4,Office,Sousse,7348.18
4923,42.2,0.63,20.6,0.11,54.3,Mall,Sousse,10828.72
660,8.6,0.42,21.5,0.43,37.2,School,Sfax,5050.73
2751,3.5,0.9,22.9,0.46,79.0,Hospital,Sfax,8557.61
4004,19.2,0.16,21.1,0.98,3.9,Mall,Tunis,8644.68
639,30.1,0.98,13.9,0.68,43.2,Hospital,Tunis,3988.5
4855,6.4,0.65,10.7,0.41,38.2,Mall,Sfax,9463.73
3236,-4.8,0.27,18.6,0.03,64.8,Mall,Tunis,8094.55
3389,12.1,0.71,17.8,0.57,96.6,School,Sfax,8291.61
2710,43.4,0.79,12.9,0.1,51.0,Mall,Sousse,7632.12
2044,29.7,0.49,2.1,0.83,98.7,Office,Tunis,2891.58
3245,15.1,0.88,22.2,0.75,30.2,Mall,Tunis,9780.0
2858,4.6,0.24,10.9,0.46,3.1,Mall,Sfax,6373.4
3360,12.8,0.35,8.7,0.43,16.6,Mall,Nabeul,5993.1
4207,3.5,0.18,15.1,0.9,39.5,School,Nabeul,9041.12
1995,0.3,0.29,16.2,0.29,31.6,Hospital,Sousse,5869.45
2600,40.3,0.31,5.1,0.25,9.7,Hospital,Tunis,5494.22
2929,44.9,0.93,20.1,0.94,43.3,School,Tunis,9160.07
3973,3.2,0.17,7.0,0.81,33.8,Office,Sfax,7259.69
147,-2.3,0.48,4.5,0.82,12.3,Office,Nabeul,1320.95
2464,11.5,0.58,9.8,0.2,29.6,School,Nabeul,6440.58
2356,18.1,0.91,17.5,0.14,88.6,Hospital,Sousse,6560.98
4772,5.2,1.0,23.2,0.03,30.2,Office,Nabeul,12668.88
853,10.1,0.78,19.4,0.24,71.4,School,Nabeul,6138.74
2902,5.0,0.97,22.6,0.77,61.2,Hospital,Nabeul,8644.31
4749,33.7,0.81,3.4,0.24,42.7,Office,Sfax,9377.73
3752,30.6,0.97,1.7,0.73,23.9,Office,Nabeul,8224.99
502,26.7,0.74,13.4,0.25,36.9,School,Sousse,4278.1
2186,14.4,0.17,7.0,0.4,59.2,Hospital,Nabeul,4685.7
2327,40.5,0.46,19.9,0.98,35.1,Office,Sousse,5945.26
3510,43.5,0.68,16.1,0.24,21.5,School,Sfax,8345.04
3090,3.7,0.42,23.3,0.38,11.6,Office,Sfax,9436.87
4743,6.2,0.35,6.1,0.3,88.0,Hospital,Sousse,8619.68
1249,21.3,0.62,11.7,0.11,44.0,Mall,Sfax,4841.51
162,-0.4,0.94,12.0,0.49,62.5,Office,Tunis,3233.19
3253,16.8,0.13,5.7,0.38,49.0,Hospital,Tunis,5701.81
1108,24.1,0.79,14.2,0.69,87.3,Office,Tunis,5459.57
2131,21.1,0.75,10.6,0.82,54.7,Mall,Tunis,5552.05
1422,11.5,0.97,10.7,0.54,48.1,Mall,Tunis,5517.13
2181,22.1,0.94,8.7,0.03,92.5,Office,Sfax,6315.49
851,42.9,0.79,0.4,0.62,72.0,School,Sousse,1913.57
4244,5.3,0.57,12.5,0.06,11.2,Office,Sfax,9000.66
757,27.7,0.28,8.0,0.62,17.8,Hospital,Nabeul,3260.01
1760,-2.8,0.59,0.0,0.69,78.7,School,Tunis,3366.56
800,-1.7,0.79,7.4,0.2,83.6,Hospital,Tunis,3031.83
1180,22.6,0.91,6.7,0.82,54.5,Hospital,Sfax,3756.86
2256,0.2,0.81,9.4,0.91,55.4,School,Nabeul,5189.21
1640,-3.9,0.28,3.2,0.81,63.2,Mall,Sfax,3312.25
3132,3.6,0.64,12.2,0.31,43.9,Hospital,Sousse,7307.62
2083,23.2,0.4,16.6,0.59,68.0,Office,Tunis,5660.28
414,30.2,0.11,15.1,0.91,10.8,Mall,Sfax,3017.46
3181,5.1,0.28,19.3,0.32,96.1,Mall,Sousse,6746.29
4833,28.4,0.2,10.8,0.82,75.0,School,Tunis,8466.05
2414,4.1,0.86,12.5,0.01,63.1,Office,Tunis,6890.05
2235,25.7,0.33,19.4,0.0,31.6,Office,Tunis,6621.7
1749,15.6,0.36,10.3,0.76,16.1,Mall,Nabeul,4153.23
3319,27.7,0.96,16.8,0.76,40.9,Hospital,Sfax,8478.97
3900,44.8,0.44,10.4,0.79,66.2,Hospital,Tunis,7705.23
2578,41.9,0.11,10.0,0.93,63.4,Office,Tunis,4299.96
4167,-4.8,0.36,18.2,0.12,38.3,Mall,Sousse,9529.59
1875,39.3,0.21,4.2,0.23,61.3,Mall,Sfax,3164.55
2066,-1.7,0.19,8.1,0.9,81.4,Mall,Sousse,3593.8
1867,42.7,0.17,5.4,0.18,2.6,School,Sfax,3946.0
3915,9.1,0.63,8.6,0.68,45.1,Office,Tunis,7608.2
341,14.1,0.27,5.5,0.53,75.9,Office,Nabeul,1865.52
4897,-0.4,0.43,13.9,0.08,54.6,Hospital,Sousse,9907.47
3049,0.6,0.88,19.2,0.29,65.1,Hospital,Nabeul,9266.32
4936,31.3,0.48,18.9,0.52,51.7,Office,Nabeul,10299.54
4976,42.2,0.92,8.7,0.85,99.2,Office,Nabeul,9295.95
2356,25.5,0.55,23.7,0.71,5.5,Hospital,Sfax,6974.97
4211,30.8,0.46,14.3,0.62,49.1,Office,Sfax,8579.92
3468,33.1,0.78,9.6,0.5,9.1,Hospital,Nabeul,7790.2
466,8.1,0.17,20.1,0.3,16.0,Office,Tunis,3862.51
2927,-2.7,0.18,17.5,0.12,38.3,School,Tunis,7472.68
1352,-4.9,0.69,18.0,0.41,15.6,School,Nabeul,6137.4
2587,12.5,0.54,4.7,0.03,96.4,Mall,Sousse,5736.32
4885,7.1,0.81,11.2,0.21,94.7,Office,Sousse,9605.35
3703,-1.9,0.92,20.7,0.43,33.6,Hospital,Sfax,10131.91
3621,4.0,0.45,12.1,0.42,64.0,Office,Sousse,7116.42
4617,1.2,0.64,16.4,0.04,53.4,Office,Tunis,10585.62
1743,40.7,0.55,14.1,0.59,81.6,Mall,Nabeul,6028.63
1312,2.0,0.98,20.2,0.55,62.7,Hospital,Sousse,5771.29
4803,21.9,0.85,6.8,0.08,0.0,Office,Nabeul,10228.27
119,24.7,0.92,13.8,0.94,76.3,Hospital,Sousse,3761.32
775,22.2,0.33,3.0,0.1,74.7,Office,Sfax,1402.64
4577,-0.0,0.8,16.6,0.85,51.0,Mall,Tunis,10493.66
708,10.9,0.34,17.6,0.0,90.3,Hospital,Sfax,3750.53
161,-2.4,0.29,1.0,0.88,90.8,Office,Nabeul,16.92
1365,14.8,0.95,16.2,0.02,52.4,School,Tunis,5908.97
2385,4.4,0.12,10.0,0.76,60.8,Hospital,Tunis,4521.06
1254,23.1,0.97,3.0,0.36,99.7,Mall,Sfax,4170.26
1728,29.6,0.23,10.1,0.74,29.9,School,Sousse,4007.93
1726,21.6,0.84,4.7,0.4,32.5,Hospital,Sfax,4310.67
3816,16.7,0.35,10.0,0.07,18.3,Hospital,Nabeul,7832.0
1542,14.4,0.42,9.2,0.77,89.6,Hospital,Sousse,2638.93
1753,37.1,0.3,17.7,0.07,74.4,Hospital,Sfax,5069.05
2602,6.0,0.63,18.6,0.92,10.6,Office,Sfax,8064.3
3369,31.7,0.41,14.6,0.05,98.2,Office,Sousse,7474.83
381,32.9,0.69,0.5,0.48,73.1,Hospital,Sousse,1181.98
1124,16.0,0.11,22.3,0.72,85.1,Mall,Sousse,4551.98
4918,9.9,0.16,16.5,0.39,4.8,Office,Sfax,10321.31
3503,18.5,0.19,0.8,0.22,50.5,Hospital,Sousse,6056.37
1335,-0.3,0.48,19.7,0.76,69.9,Hospital,Sousse,4962.49
4282,-2.7,0.83,4.8,0.78,54.3,Mall,Sousse,7927.49
4860,0.6,0.9,13.9,0.92,66.7,Mall,Tunis,10269.91
885,4.4,0.32,11.2,0.38,81.8,Mall,Nabeul,3563.08
3417,20.2,0.62,10.1,0.51,37.4,School,Sousse,7467.02
1767,37.5,0.79,21.4,0.36,84.9,Hospital,Nabeul,7918.94
3108,6.8,0.36,10.5,0.26,16.3,Mall,Sousse,6665.0
3294,41.8,0.47,1.8,0.75,27.1,Hospital,Sousse,6522.24
4889,42.7,0.57,22.7,0.34,4.3,Office,Tunis,11240.48
3875,42.9,0.22,22.1,0.43,36.4,Hospital,Tunis,8475.58
2546,36.9,0.12,16.4,0.4,38.0,Hospital,Sousse,6078.29
3890,13.2,0.24,11.2,0.71,80.5,School,Sousse,7807.19
633,-1.4,0.66,2.2,0.92,65.3,Office,Sousse,1574.51
501,23.4,0.17,19.0,0.67,43.7,Office,Nabeul,3079.73
3763,22.9,0.27,1.8,0.47,65.2,School,Sousse,6406.01
229,37.5,0.4,1.6,0.78,5.3,Mall,Nabeul,1319.55
2439,44.8,0.17,12.9,0.64,18.0,Mall,Tunis,5127.29
4471,20.4,0.27,3.8,0.06,62.7,Hospital,Nabeul,7047.56
3059,12.3,0.92,0.2,0.1,64.1,School,Sousse,6502.65
1958,4.3,0.12,10.2,0.04,77.4,Mall,Tunis,3484.06
3073,-4.8,0.69,3.3,0.46,40.3,Office,Sfax,6592.76
4250,20.5,0.45,3.9,0.83,72.3,School,Tunis,7429.41
3749,22.8,0.71,1.8,0.31,68.4,Mall,Sfax,5676.04
2886,36.2,0.63,4.9,0.38,96.3,Office,Nabeul,5660.28
3197,20.2,0.3,17.2,0.91,21.5,School,Tunis,6423.57
3612,40.8,0.86,19.4,0.84,55.2,Hospital,Tunis,8749.46
4960,26.4,0.54,10.9,0.67,60.2,Hospital,Tunis,9267.51
1320,37.0,0.84,12.2,0.27,99.9,Office,Nabeul,4221.61
741,2.4,0.47,0.8,0.12,20.1,Mall,Sousse,3120.08
3414,37.8,0.99,1.7,0.02,52.3,Mall,Nabeul,7516.53
823,28.8,0.79,6.2,0.11,34.6,School,Tunis,4200.22
4997,3.5,0.97,13.1,0.29,52.6,Office,Sousse,10922.36
837,4.5,0.56,17.7,0.55,23.2,Mall,Tunis,4654.73
4953,41.3,0.53,14.5,0.06,4.8,Hospital,Tunis,11400.86
1399,-3.4,0.78,9.4,0.14,57.3,Office,Sfax,4928.87
3580,18.1,0.89,2.8,0.18,33.6,Hospital,Tunis,7618.12
439,10.7,0.97,18.7,0.63,18.2,Office,Nabeul,4541.91
252,28.3,0.39,8.7,0.62,32.4,School,Nabeul,1533.09
1521,37.0,0.82,17.7,0.55,4.9,Mall,Nabeul,6407.52
3151,13.0,0.29,12.3,0.25,95.0,Mall,Sousse,6737.98
526,16.3,0.59,17.7,0.37,58.1,Mall,Sfax,3649.95
3658,44.1,0.26,21.8,0.1,81.5,Hospital,Sfax,8998.73
1235,34.2,0.41,22.1,0.23,42.3,Mall,Tunis,5050.17
2472,39.9,0.94,12.8,0.9,90.3,Office,Tunis,6613.42
3429,16.9,0.23,12.3,0.98,48.3,Hospital,Sfax,5998.26
1049,6.7,0.67,6.4,0.65,57.4,School,Sousse,3925.5
1473,15.6,0.63,22.5,0.92,49.2,Hospital,Nabeul,5982.89
1056,30.8,0.21,11.0,0.64,73.3,School,Tunis,2620.72
1801,0.5,0.39,3.1,0.03,56.7,Hospital,Sfax,3075.13
3041,8.5,0.61,10.4,1.0,27.2,Mall,Sousse,6084.51
2582,-2.7,0.27,3.0,0.1,14.6,School,Nabeul,4958.21
1403,16.6,0.82,12.1,0.68,60.6,Mall,Tunis,5418.4
470,36.4,0.97,13.5,0.25,48.9,Hospital,Nabeul,4752.37
3080,-3.8,0.29,8.1,0.39,9.6,School,Nabeul,6870.3
2396,28.8,0.27,1.7,0.65,39.6,Office,Sfax,4740.09
4898,41.6,0.51,22.6,0.44,51.5,Office,Sfax,11758.46
2225,6.8,0.77,18.6,0.25,82.7,Hospital,Nabeul,6877.55
3066,29.7,0.35,20.1,0.33,7.6,School,Nabeul,8195.74
4245,43.8,0.12,8.8,0.34,34.8,Office,Tunis,6455.02
2842,43.1,0.59,18.3,0.96,82.3,Mall,Sousse,7615.29
4121,6.7,0.96,11.6,0.8,64.8,Mall,Sousse,9192.13
2464,0.0,0.45,4.8,0.46,29.0,Hospital,Nabeul,5738.61
862,2.4,0.48,3.0,0.2,84.5,Mall,Sfax,1808.82
4162,30.1,0.97,8.3,0.81,49.3,Mall,Sousse,9034.26
1104,31.3,0.73,3.3,0.16,49.8,Mall,Nabeul,2780.33
3855,28.7,0.75,24.0,0.21,97.7,Office,Sfax,10233.98
2946,11.8,0.61,1.2,0.37,94.7,School,Tunis,4342.87
449,3.5,0.98,10.6,0.88,35.9,Hospital,Sousse,4282.02
3064,24.0,0.72,10.9,0.13,14.1,School,Tunis,8061.82
786,19.2,0.91,7.2,0.12,32.6,School,Sfax,3619.66
4737,31.4,0.73,13.7,0.49,3.0,School,Nabeul,10491.42
3226,17.1,0.76,3.6,0.28,2.1,Office,Tunis,6767.74
4556,11.9,0.36,18.8,0.57,39.6,Mall,Nabeul,9584.8
2855,9.7,0.37,8.0,0.45,94.1,Hospital,Sousse,5588.6
3624,5.6,0.8,14.2,0.43,87.1,School,Tunis,8294.11
3724,8.3,0.37,17.2,0.11,51.1,Mall,Sousse,9085.67
2832,-0.3,0.61,21.3,0.14,56.5,Office,Sousse,8205.1
1793,12.3,0.32,20.1,0.82,0.6,School,Sousse,7126.77
2992,-3.2,0.84,14.6,0.89,21.6,Mall,Sousse,7766.08
3911,4.3,0.2,9.3,0.23,2.5,Office,Sousse,7590.39
4280,32.3,0.85,12.1,0.11,75.5,Mall,Sfax,9766.58
784,11.3,0.64,18.4,0.05,14.6,Hospital,Tunis,5536.53
4440,28.4,0.27,21.1,0.61,86.9,Mall,Nabeul,9664.49
3019,30.8,0.59,2.5,0.72,64.3,Mall,Nabeul,5655.19
3856,24.1,0.35,9.2,0.37,22.9,Hospital,Sfax,7655.9
3383,42.9,0.39,18.6,0.68,15.8,Hospital,Nabeul,7836.21
4791,-3.9,0.42,10.4,0.71,62.8,Mall,Nabeul,8393.42
4126,31.9,0.16,8.0,0.94,90.1,Hospital,Nabeul,7138.12
1256,42.9,0.99,9.9,0.06,71.8,Mall,Tunis,5718.62
3161,38.1,0.13,14.5,0.19,34.9,School,Nabeul,6091.52
4545,3.4,0.7,24.0,0.07,58.7,Mall,Tunis,10771.72
2429,11.3,0.43,11.8,0.87,31.1,Office,Nabeul,4960.89
1392,3.6,0.68,5.0,0.79,99.9,Hospital,Nabeul,3691.07
1984,25.1,0.42,3.9,0.57,74.9,School,Tunis,4170.8
1660,30.6,0.71,1.0,0.08,61.4,Hospital,Sfax,3224.83
1083,10.9,0.76,13.4,0.27,42.3,Hospital,Nabeul,5910.89
2167,22.0,0.72,13.1,0.3,61.8,Hospital,Sousse,6004.02
1963,29.5,0.2,4.9,0.56,34.2,Office,Sousse,4346.32
2079,16.1,0.69,16.7,0.26,2.9,Office,Sfax,7263.27
1836,37.7,0.35,17.8,0.07,39.5,Mall,Sousse,5412.45
2552,33.6,0.13,6.2,0.73,93.0,Office,Tunis,3978.98
2018,-1.8,0.47,8.3,0.3,62.6,Hospital,Nabeul,4312.79
800,26.1,0.49,23.8,0.45,8.4,School,Nabeul,4810.84
4146,6.8,0.52,9.0,0.13,88.5,School,Nabeul,7974.89
2173,22.9,0.73,18.3,0.8,26.9,School,Nabeul,6330.7
4761,42.8,0.38,10.9,0.57,24.4,Hospital,Sousse,9042.03
3853,39.0,0.38,19.0,0.9,29.7,Office,Sousse,9757.48
494,15.2,0.15,18.5,0.5,57.7,School,Sousse,3625.84
2056,9.6,0.72,16.0,0.94,54.5,Hospital,Tunis,5902.94
3148,6.7,0.61,20.5,0.89,49.1,Hospital,Sousse,8007.14
3552,21.6,0.41,22.5,0.58,71.8,School,Sousse,8673.44
622,0.7,0.73,13.9,0.93,31.7,School,Nabeul,4890.07
1662,22.5,0.58,5.7,0.32,78.2,Mall,Sousse,3412.82
3009,-4.9,0.52,9.6,0.37,17.5,Mall,Sfax,6720.12
2949,11.2,0.56,18.2,0.05,78.3,Hospital,Sfax,8089.68
649,6.0,0.67,15.6,0.59,66.4,Mall,Nabeul,4634.24
1568,43.6,0.69,4.3,0.72,68.3,Mall,Sousse,3509.16
932,31.4,0.36,1.2,0.77,48.2,School,Sfax,1190.66
4582,12.5,0.23,16.4,0.15,66.7,Mall,Sfax,9529.25
1521,-0.4,0.24,6.0,0.44,8.0,Hospital,Tunis,4058.83
385,20.8,0.68,12.0,0.18,85.2,School,Nabeul,3085.06
2845,5.7,0.89,17.9,0.66,5.6,Mall,Sfax,7954.79
3865,21.8,0.47,13.5,0.16,14.9,Mall,Sfax,8663.1
4564,36.8,0.25,2.0,0.9,57.7,Mall,Nabeul,6095.71
1545,25.8,0.78,4.5,0.23,73.9,Office,Sousse,3958.67
1566,26.7,0.85,5.3,0.29,7.6,Mall,Nabeul,5250.01
1876,22.1,0.89,6.2,0.85,92.1,Mall,Tunis,5075.92
3755,41.4,0.65,13.6,0.46,97.4,Hospital,Tunis,8183.57
1014,41.6,0.87,12.1,0.02,60.6,Mall,Tunis,5592.66
387,20.6,0.11,4.9,0.49,48.1,Office,Sfax,2004.94
4290,10.3,0.2,1.6,0.08,74.1,School,Sousse,6996.54
2188,18.0,0.18,4.1,0.99,32.8,Mall,Tunis,2864.11
4526,4.3,0.74,23.6,0.59,49.3,Mall,Nabeul,10327.54
1904,26.8,0.16,11.2,0.26,91.6,Hospital,Tunis,4959.75
1278,20.0,0.55,20.8,0.56,95.6,Mall,Sfax,5501.36
2651,0.2,0.53,20.4,0.08,92.7,Mall,Tunis,8410.78
4470,4.9,0.38,12.3,0.8,26.2,Mall,Sousse,8109.66
1688,19.0,0.88,17.0,0.93,23.2,Mall,Tunis,6180.41
2056,39.4,0.25,4.6,0.87,29.8,School,Sousse,4204.6
1875,23.3,0.42,16.5,0.34,44.1,Hospital,Sousse,5372.11
4962,29.1,0.8,6.5,0.33,31.4,School,Nabeul,10203.39
1087,12.0,0.13,20.0,0.04,37.4,Office,Sousse,4622.11
1303,23.6,0.71,2.0,0.65,62.1,Mall,Sfax,3053.03
3430,17.4,0.83,18.6,0.53,76.3,Office,Sfax,8356.68
1219,28.0,0.94,2.4,0.46,73.6,School,Sousse,3596.19
296,-2.5,0.89,21.1,0.91,81.4,Office,Sousse,5623.39
4075,19.7,0.39,7.3,0.17,3.2,Mall,Tunis,8080.51
625,9.8,0.63,15.7,0.01,4.8,Office,Tunis,4127.64
4827,11.3,0.17,11.7,0.07,78.9,School,Nabeul,9603.77
1510,43.0,0.33,8.8,0.22,53.3,Mall,Tunis,3487.71
4603,4.1,0.18,15.5,0.03,57.8,Hospital,Sfax,10146.05
1392,10.6,0.38,22.7,0.5,5.3,School,Tunis,5339.02
1294,20.5,0.89,1.0,0.31,25.5,Mall,Nabeul,3724.85
2048,38.2,0.41,22.1,0.18,63.8,Hospital,Nabeul,7561.16
3755,15.8,0.61,14.6,0.75,85.9,Office,Sousse,7804.59
4886,32.2,0.49,19.4,0.2,91.7,Office,Nabeul,10702.08
2317,37.8,0.51,9.2,0.69,50.0,Office,Sousse,5859.14
4354,10.5,0.97,11.3,0.35,54.5,Mall,Sfax,8590.74
3680,14.6,0.37,20.9,0.51,83.3,Office,Sfax,9186.94
1117,12.8,0.66,10.0,0.93,53.8,Office,Tunis,3717.54
3253,36.6,0.48,12.8,0.04,51.7,Hospital,Nabeul,8201.98
3690,-2.8,0.16,0.5,0.5,90.5,Hospital,Sfax,4813.75
4307,10.4,0.54,3.8,0.85,79.0,Hospital,Sousse,6597.11
4169,29.0,0.83,15.4,0.59,90.9,Mall,Nabeul,9202.48
147,23.3,0.19,17.2,0.28,21.8,School,Nabeul,2649.54
3763,16.8,0.16,14.0,0.4,52.4,Office,Sousse,7499.26
4571,22.0,0.24,3.4,0.68,84.2,Office,Nabeul,6851.21
927,4.9,0.79,10.7,0.89,11.1,Mall,Nabeul,3071.05
4822,16.5,0.75,8.5,0.04,79.5,Office,Sfax,9543.02
2189,20.1,0.61,11.9,0.07,18.3,Mall,Sousse,6277.9
2156,40.1,0.52,20.9,0.33,80.8,Mall,Sfax,6743.38
918,8.0,0.9,18.6,0.23,61.2,Mall,Sousse,5689.41
4852,38.4,0.79,2.0,0.26,19.3,School,Tunis,8973.97
4084,27.2,0.83,21.4,0.22,47.3,Mall,Nabeul,9958.5
3780,-4.0,0.83,11.3,0.2,68.2,School,Nabeul,8433.57
1911,31.2,0.68,17.9,0.13,63.4,School,Sfax,6586.45
4985,-3.2,0.51,3.4,0.93,42.7,Office,Nabeul,8210.41
3214,44.9,0.88,16.1,0.14,89.9,Hospital,Nabeul,7730.1
1729,38.6,0.93,5.7,0.2,51.9,School,Sfax,5560.56
1643,9.9,0.12,10.5,0.25,50.6,School,Sfax,3415.42
3679,7.9,0.15,0.4,0.93,6.2,Hospital,Sousse,4761.4
2004,14.1,0.96,3.6,0.76,92.2,School,Tunis,4645.41
1536,12.8,0.35,2.2,0.79,17.7,Hospital,Sfax,2692.62
3417,13.6,0.89,5.8,0.1,52.8,Office,Sousse,7762.22
3620,10.9,0.45,2.4,0.84,80.4,Mall,Sfax,6304.33
3159,26.1,0.21,16.6,0.41,21.5,Hospital,Sousse,7696.28
4216,3.2,0.17,0.7,0.26,52.7,Mall,Tunis,6374.61
1098,37.3,0.24,14.8,0.58,24.1,Hospital,Sousse,4213.15
1531,35.6,0.32,3.4,0.82,76.0,Mall,Sousse,1876.49
4652,18.8,0.54,22.7,0.78,56.4,Office,Nabeul,11338.18
3161,37.6,0.73,22.4,0.89,85.6,School,Sfax,8486.09
364,7.4,0.99,5.4,0.93,89.5,Office,Sousse,3408.47
3831,-4.1,0.5,14.7,0.24,64.9,School,Sfax,9069.4
2374,26.0,0.57,0.7,0.42,72.5,Mall,Sousse,4134.86
3975,17.9,0.57,22.4,0.01,54.9,Mall,Nabeul,10193.71
3417,23.4,0.59,12.6,0.88,38.4,School,Nabeul,8155.53
2146,40.0,0.57,1.0,0.15,64.8,Hospital,Tunis,2979.94
3244,43.5,0.11,8.2,0.86,90.8,Office,Sousse,5351.88
3321,26.7,0.1,1.8,0.33,41.7,Hospital,Nabeul,5928.71
3240,33.2,0.19,9.4,0.37,31.4,Mall,Sfax,6730.43
1353,-0.8,0.19,16.1,0.04,38.8,Office,Sousse,4191.64
822,3.0,0.73,11.3,0.33,43.5,Office,Sousse,4162.74
183,31.7,0.28,9.2,0.89,7.4,Hospital,Tunis,1244.15
4935,16.6,0.91,2.9,0.03,49.8,School,Sfax,9222.77
3470,17.3,0.94,5.9,0.41,49.4,School,Tunis,7684.92
3919,10.4,0.98,2.4,0.03,58.8,Office,Sousse,8144.41
3464,25.4,0.95,19.4,0.37,36.3,School,Tunis,10004.21
1857,4.3,0.34,3.2,0.17,61.3,Mall,Sousse,4170.89
4418,26.3,0.56,14.3,0.25,87.8,Hospital,Sousse,8731.14
2880,3.7,0.26,8.2,0.88,95.5,Hospital,Tunis,5164.51
3387,-1.8,0.83,5.4,0.44,58.4,Hospital,Tunis,6613.33
2552,11.5,0.9,15.3,0.27,4.3,Office,Sousse,7567.07
428,6.6,0.87,11.0,0.59,96.9,Office,Tunis,2875.28
525,39.4,0.49,9.6,0.14,70.6,School,Tunis,3034.2
869,-2.3,0.78,14.2,0.26,33.6,Hospital,Sousse,5222.01
4075,3.8,0.19,11.8,0.55,14.7,Mall,Sfax,8467.51
707,22.4,0.14,7.3,0.24,14.3,Mall,Tunis,1691.41
1952,19.1,0.78,13.4,0.68,16.8,Hospital,Tunis,6012.35
2772,-2.7,0.48,16.1,0.49,4.6,Office,Nabeul,6698.55
2224,-4.6,1.0,0.6,0.77,90.2,Office,Sfax,4006.89
1400,44.4,0.19,11.2,0.95,54.1,Office,Tunis,3083.63
565,27.9,0.87,1.4,0.12,70.0,Mall,Sousse,2559.15
2064,13.3,0.53,4.5,0.33,82.8,Hospital,Nabeul,4511.46
2045,18.5,0.84,13.5,0.32,79.2,Mall,Nabeul,6543.61
2639,8.3,0.84,20.8,0.15,88.3,Hospital,Nabeul,8538.18
2460,12.2,0.92,21.2,0.81,96.7,Mall,Tunis,7397.57
2139,27.5,0.37,1.7,0.76,43.9,Mall,Sousse,4195.38
1284,39.1,0.95,10.1,0.48,95.0,School,Nabeul,5027.64
4034,4.2,0.24,14.0,0.54,72.3,Mall,Sfax,7793.15
3317,37.0,0.17,3.5,0.06,7.1,Hospital,Nabeul,5587.54
2882,1.1,0.49,18.4,0.56,68.2,Mall,Nabeul,7113.23
877,5.7,0.85,17.9,0.79,68.7,School,Sfax,4316.08
3479,-3.1,0.53,21.7,0.57,90.6,School,Nabeul,9128.51
2518,2.0,0.85,0.2,0.27,37.3,Hospital,Nabeul,5596.53
4177,40.9,0.76,5.2,0.67,58.5,School,Sfax,7474.97
4362,18.0,0.29,19.9,0.36,1.2,School,Tunis,9306.07
2539,-1.1,0.95,16.1,0.54,33.2,Office,Sfax,7219.23
4931,43.0,0.15,21.5,0.49,6.2,Hospital,Tunis,10700.62
2089,38.9,0.91,1.4,0.38,52.2,School,Tunis,4021.51
1166,32.7,0.37,14.3,0.72,81.7,School,Tunis,4429.4
1044,41.7,0.55,13.7,0.88,20.6,School,Sfax,4711.98
128,6.0,0.48,0.9,0.01,52.7,Hospital,Sfax,1230.67
1997,36.8,0.25,12.3,0.93,20.4,Office,Tunis,5178.37
1797,29.5,0.42,14.6,0.51,12.1,Mall,Sfax,5439.38
2914,38.5,0.27,4.6,0.7,51.1,Office,Tunis,5228.08
3465,34.8,0.28,6.6,0.86,7.9,Hospital,Sfax,5627.91
2588,12.3,0.27,15.4,0.47,58.7,Hospital,Sousse,6898.74
1765,33.7,0.54,11.2,0.83,3.1,Hospital,Sfax,4733.32
4719,8.1,0.82,20.6,0.18,10.7,Mall,Sfax,11600.6
1670,11.4,0.61,8.2,0.16,55.0,Hospital,Sfax,5843.6
1833,0.4,0.9,6.4,0.66,59.1,Office,Tunis,4774.0
859,41.8,0.67,23.6,0.87,2.9,School,Tunis,6088.7
2257,9.6,0.72,21.9,0.89,57.3,School,Sousse,7636.27
1451,21.0,0.7,0.7,0.64,83.9,Hospital,Sousse,2275.59
3576,14.6,0.5,18.5,0.53,72.2,Hospital,Nabeul,8013.13
1368,43.0,0.72,2.6,0.33,13.1,Mall,Sousse,4669.44
1885,11.8,0.16,0.7,0.98,59.2,School,Tunis,2756.08
4049,33.9,0.87,6.6,0.32,67.2,Mall,Sousse,8299.06
2707,37.8,0.8,6.5,0.74,3.7,Mall,Sousse,5979.18
498,16.8,0.32,19.7,0.53,85.5,Mall,Sfax,3809.54
2730,13.9,0.79,17.1,0.61,90.6,Mall,Sousse,7689.57
2546,32.4,0.11,23.6,0.39,85.0,Office,Nabeul,7072.26
1769,40.6,0.3,17.1,0.96,82.5,Hospital,Sfax,5460.48
338,32.7,0.16,10.0,0.57,74.5,Hospital,Tunis,1236.07
3636,6.4,0.8,16.8,0.94,63.3,Mall,Nabeul,8287.15
3961,39.4,0.78,24.0,0.01,67.9,Mall,Tunis,11278.54
3203,14.4,0.83,17.0,0.57,80.6,Office,Nabeul,9382.84
1246,23.8,0.1,18.3,0.72,66.2,Mall,Sfax,4544.3
1657,36.6,0.55,22.5,0.75,32.8,Office,Nabeul,7070.38
3838,4.4,0.73,2.7,0.9,37.6,Office,Nabeul,6946.58
2257,34.2,0.24,16.9,0.0,89.7,Mall,Sousse,6085.06
3551,24.8,0.68,20.4,0.0,1.7,Hospital,Tunis,9864.33
399,39.7,0.18,22.9,0.47,69.9,Office,Sfax,3781.29
3798,3.6,0.26,5.1,0.03,95.5,Hospital,Nabeul,7195.15
4153,16.0,0.53,12.1,0.97,70.6,Hospital,Tunis,8824.42
4959,36.6,0.69,16.3,0.22,99.4,Office,Tunis,10456.88
348,-4.0,0.23,5.9,0.47,68.8,School,Sousse,465.21
2668,0.6,0.27,14.4,0.06,3.4,Office,Tunis,6623.21
4229,44.5,0.28,6.2,0.52,82.7,School,Sfax,6582.67
4423,9.0,0.31,8.0,0.38,28.5,Office,Sousse,8133.84
4780,43.8,0.3,10.6,0.04,44.6,Office,Nabeul,8579.07
2960,4.1,0.46,12.7,0.34,31.2,Hospital,Sfax,7567.26
823,13.1,0.69,10.8,0.39,26.9,Hospital,Sfax,4247.21
669,32.6,0.49,11.8,0.99,43.1,Mall,Sfax,3373.07
319,27.9,0.8,7.2,0.21,37.9,Hospital,Sousse,3400.09
1494,24.1,0.75,3.8,0.54,63.3,Hospital,Tunis,3920.05
2934,21.5,0.21,1.1,0.99,81.3,Hospital,Sfax,4357.9
2222,37.2,0.14,4.7,0.79,29.7,Hospital,Tunis,4491.85
4331,6.7,0.89,14.0,0.99,21.4,Mall,Tunis,9707.24
4100,17.1,0.17,18.9,0.97,66.7,Hospital,Sfax,8809.06
4449,2.8,0.23,4.1,0.49,67.0,School,Tunis,6641.93
3189,24.8,0.12,2.6,0.7,90.1,School,Sousse,4652.64
149,7.5,0.67,18.0,0.11,1.6,Mall,Sousse,5330.14
614,11.7,0.62,7.3,0.44,85.3,Hospital,Nabeul,3016.91
2891,18.6,0.99,22.8,0.81,52.1,School,Tunis,9028.0
2878,-3.7,0.9,17.1,0.51,62.1,Office,Tunis,8248.77
2718,-0.4,0.47,7.8,0.7,9.1,School,Nabeul,5781.0
1937,29.3,0.43,6.9,0.75,43.3,Hospital,Sousse,4324.85
4771,16.4,0.37,12.6,0.25,22.7,School,Nabeul,9348.5
1265,38.2,0.24,1.9,0.88,25.4,Office,Nabeul,2342.94
2349,29.7,0.22,2.8,0.46,50.4,School,Nabeul,4166.65
514,-4.6,0.22,4.2,0.21,81.2,Hospital,Tunis,1333.32
2368,25.8,0.2,18.6,0.87,74.4,Office,Tunis,6005.03
1204,-0.3,0.32,12.3,0.42,59.1,Mall,Tunis,3955.88
4958,34.0,0.38,0.3,0.75,53.9,Office,Tunis,7333.88
4758,44.6,0.97,16.2,0.55,42.7,School,Sfax,11261.14
3456,21.6,0.62,10.2,0.38,97.3,Mall,Nabeul,7667.58
2516,29.1,0.99,12.3,0.81,56.0,Office,Nabeul,7646.43
2034,6.9,0.44,5.1,0.58,25.4,Office,Tunis,4438.19
303,16.9,0.51,13.2,0.39,23.0,Office,Sousse,2866.68
168,37.8,0.39,23.5,0.11,61.1,Hospital,Sfax,4145.03
615,3.4,0.26,1.8,0.9,52.3,Mall,Sfax,429.52
3663,8.3,0.23,6.8,0.04,0.8,Mall,Sousse,7314.18
4556,17.3,0.95,5.8,0.86,83.0,Office,Tunis,7729.14
1564,30.6,0.99,6.0,0.36,70.4,Mall,Sfax,5206.33
1752,13.8,0.14,9.1,0.64,66.2,School,Sfax,4194.66
806,41.4,0.24,19.6,0.92,6.9,School,Nabeul,2669.19
1725,-0.3,0.48,21.9,0.15,36.2,Office,Nabeul,7214.14
4852,13.5,0.27,4.9,0.57,93.5,School,Tunis,8314.14
3885,30.4,0.43,13.0,0.76,86.3,Office,Tunis,7680.97
1445,6.3,0.22,15.3,0.76,28.6,School,Nabeul,3783.59
443,27.8,0.51,12.5,0.53,15.7,Office,Nabeul,2797.12
3886,3.2,0.34,10.4,0.62,44.9,Office,Nabeul,7155.24
635,-2.2,0.42,4.6,0.76,35.6,Mall,Sousse,2582.53
454,1.1,0.18,11.7,0.84,68.2,Mall,Sfax,1810.48
3642,41.5,0.49,9.6,0.76,96.6,Office,Tunis,7472.66
1082,22.6,0.98,19.1,0.35,36.3,Mall,Tunis,6029.47
1445,34.8,0.4,18.3,1.0,6.2,Mall,Sousse,5209.04
3109,11.6,0.89,3.2,0.43,89.8,Hospital,Nabeul,5473.8
626,24.6,0.86,2.1,0.02,3.8,School,Sfax,2371.46
1030,19.7,0.96,21.8,0.36,95.3,Mall,Nabeul,6725.05
2856,42.3,0.81,12.9,0.13,66.5,Office,Tunis,7363.64
2382,32.4,0.69,20.6,0.12,94.2,Hospital,Sousse,7662.33
2046,31.5,0.87,1.4,0.28,20.0,Hospital,Sfax,5682.18
4027,-2.7,0.17,12.6,0.05,4.1,Mall,Sfax,8161.19
2641,22.5,0.52,12.9,0.69,48.8,Office,Sfax,6255.38
2016,18.3,0.99,20.7,0.07,45.1,Office,Sfax,8451.54
3460,41.4,0.79,2.3,0.2,33.1,Office,Sousse,6855.67
1693,7.9,0.97,5.8,0.09,95.8,Office,Tunis,4985.5
3025,8.5,0.8,9.8,0.06,82.3,Office,Sfax,7664.41
3725,15.6,0.89,20.8,0.27,66.2,School,Sfax,10021.56
1323,7.2,0.74,22.5,0.57,16.3,Office,Tunis,6866.79
2059,1.5,0.78,23.8,0.96,73.4,Office,Nabeul,7313.58
1065,37.9,0.57,23.0,0.88,72.7,School,Sfax,5874.57
3778,22.9,0.93,0.1,0.88,42.5,Mall,Sfax,7100.16
4412,38.1,0.84,1.1,0.18,92.5,Hospital,Nabeul,7797.8
722,36.6,0.86,3.5,0.26,16.7,School,Tunis,3151.62
4548,9.1,0.71,8.4,0.08,26.7,Hospital,Tunis,8106.33
4887,22.4,0.37,19.9,0.78,6.3,Hospital,Sfax,11230.89
4826,-0.8,0.13,21.4,0.07,79.5,School,Tunis,9649.18
2472,40.8,0.94,4.5,0.56,62.2,Office,Nabeul,5137.44
3048,15.2,0.63,14.9,0.25,31.5,Hospital,Sousse,7565.49
3399,14.7,0.37,22.0,0.24,16.4,Office,Nabeul,8040.02
1268,10.1,0.23,11.1,0.99,4.0,Mall,Nabeul,3745.81
4849,18.0,0.85,2.5,0.76,16.7,School,Sousse,9065.51
491,7.6,0.85,11.0,0.84,45.3,Hospital,Nabeul,3196.73
3909,13.7,0.83,9.0,0.57,24.7,Office,Sfax,8125.98
2507,35.0,0.68,13.9,0.87,25.9,Hospital,Sfax,6294.3
4964,36.7,0.43,10.5,0.65,87.6,Mall,Tunis,9425.4
4992,10.2,0.37,0.4,0.95,51.5,Mall,Tunis,6758.64
4360,18.5,0.11,23.9,0.28,72.9,Hospital,Nabeul,9636.0
4928,38.7,0.85,13.0,0.6,3.6,School,Sfax,9959.29
680,-2.4,0.18,11.4,0.69,36.5,Mall,Sfax,2946.87
920,39.5,0.67,22.9,0.39,47.9,Office,Sousse,5552.39
1347,6.0,0.55,3.7,0.88,18.6,Mall,Tunis,3415.87
223,28.9,0.57,4.5,0.98,12.0,Office,Sfax,2224.27
4539,24.1,0.93,19.4,0.49,87.0,Hospital,Nabeul,11531.71
1974,22.6,0.13,6.3,0.39,93.9,Office,Sfax,2990.45
623,38.0,0.8,19.2,0.47,7.9,Hospital,Tunis,5294.73
3223,0.1,0.15,6.5,0.85,34.9,Mall,Nabeul,6070.7
4324,12.4,0.13,0.8,0.65,95.8,School,Tunis,6410.24
3298,21.9,0.49,12.4,0.04,8.3,Mall,Sfax,8123.17
2885,35.6,0.16,4.7,0.54,64.4,Mall,Sfax,3868.84
2218,5.8,0.81,18.2,0.02,97.2,Mall,Sfax,7521.57
1310,35.1,0.58,15.4,0.78,97.8,Mall,Tunis,4159.53
1126,15.0,0.13,22.2,0.33,47.1,School,Nabeul,5210.84
4217,4.4,0.14,18.8,0.47,16.3,Mall,Sfax,9430.4
4361,32.9,0.65,4.3,0.8,20.2,Office,Sfax,8280.46
597,-0.5,0.83,19.2,0.05,89.0,School,Sfax,4910.18
4629,20.7,0.49,15.4,0.16,91.2,School,Sousse,10355.55
2905,-1.8,0.6,16.1,0.4,60.8,Office,Sousse,7723.65
1793,12.8,0.82,20.0,0.23,76.6,Hospital,Nabeul,6992.26
4858,25.1,0.65,13.8,0.34,74.0,Mall,Tunis,9649.79
824,22.8,0.3,11.2,1.0,66.2,School,Sfax,2883.05
475,15.2,0.65,15.3,0.83,82.7,Mall,Sfax,4468.36
4498,16.5,0.67,7.2,0.88,68.5,Mall,Tunis,7689.41
2552,6.3,0.76,4.4,0.94,53.4,Office,Tunis,5636.05
3959,17.8,0.66,14.8,0.34,23.7,Office,Nabeul,9618.12
1786,42.7,0.97,5.6,0.3,74.4,Office,Tunis,5799.76
4903,37.5,0.28,1.9,0.23,47.3,Mall,Sfax,8210.87
356,2.3,0.96,0.0,0.83,29.5,School,Nabeul,1896.84
4594,-3.5,0.58,14.6,0.68,80.2,School,Sousse,9711.31
3700,41.7,0.7,8.7,0.24,69.7,Hospital,Nabeul,7652.47
150,21.3,0.19,18.1,0.38,93.7,Mall,Nabeul,3271.13
694,21.9,0.44,9.0,0.51,16.5,Hospital,Nabeul,2159.01
4831,34.0,0.79,11.7,0.53,64.9,Hospital,Tunis,9748.06
3973,10.7,0.74,9.8,0.89,24.4,Hospital,Sfax,8565.58
3536,19.1,0.14,15.6,0.38,90.4,Hospital,Tunis,7867.47
1172,43.4,0.59,8.5,0.91,9.9,Hospital,Sfax,3701.61
1576,28.6,0.18,23.1,0.44,65.6,Mall,Tunis,5249.83
4970,2.7,1.0,22.5,0.75,79.1,Office,Nabeul,11954.06
3120,1.7,0.91,20.4,0.93,35.5,Hospital,Sfax,8734.02
1764,5.2,0.12,22.1,0.91,95.4,School,Tunis,5108.51
4592,33.3,0.87,10.8,0.06,85.1,Mall,Nabeul,9574.91
2830,9.8,0.93,12.9,0.21,29.5,Hospital,Sousse,7570.13
1495,-3.9,0.42,17.8,0.48,0.8,School,Tunis,4650.53
3997,42.2,0.75,16.7,0.43,29.7,Hospital,Tunis,9787.08
4724,3.5,0.5,21.4,0.64,28.1,Office,Sousse,11172.87
4880,-4.5,0.69,17.2,0.94,89.0,Mall,Tunis,11114.2
4145,6.9,0.41,23.9,0.11,96.7,Office,Sousse,10514.2
2760,6.8,0.39,8.4,0.45,7.0,School,Sfax,6324.68
2333,16.1,0.48,20.0,0.19,47.1,Hospital,Sousse,7277.01
3422,41.0,0.23,16.7,0.89,54.8,Office,Nabeul,6497.72
4297,39.0,0.85,16.6,0.96,9.3,Office,Sousse,10249.07
4318,17.8,0.41,7.8,0.48,37.7,Hospital,Sfax,8094.69
2201,15.5,0.46,18.9,0.1,31.7,Mall,Sousse,7362.94
1406,22.8,0.9,21.6,0.79,53.6,School,Sousse,6769.74
1737,7.2,0.55,5.2,0.7,66.1,Mall,Sfax,3740.06
1240,-2.4,0.59,15.0,0.35,70.3,School,Tunis,5742.58
715,42.0,0.96,9.4,0.89,13.7,School,Tunis,4313.23
4752,4.3,0.9,23.7,0.98,81.3,Office,Nabeul,11756.43
4309,4.9,0.25,11.5,0.56,67.9,Hospital,Nabeul,8296.66
1666,18.6,0.53,5.5,0.57,88.9,Mall,Sousse,3685.09
1076,19.6,0.97,9.2,0.3,44.9,Office,Tunis,4567.75
4896,-4.1,0.44,15.7,0.58,89.4,Office,Tunis,8756.89
1416,2.4,0.43,1.8,0.44,86.6,Office,Sousse,2143.46
2439,13.9,0.28,14.5,0.3,43.8,Mall,Sfax,5754.04
4456,29.2,0.2,22.3,0.07,38.1,Office,Tunis,10428.82
2196,6.4,0.77,20.4,0.25,93.3,Hospital,Nabeul,6476.66
478,16.2,0.79,1.6,0.2,71.5,Office,Sousse,1818.92
3565,22.9,0.97,23.8,0.54,92.8,Office,Sfax,9798.84
2371,39.4,0.8,16.8,0.6,79.7,School,Nabeul,7036.38
1146,11.3,0.32,3.9,0.61,60.9,Office,Tunis,2561.06
1107,1.7,0.14,0.3,0.39,11.6,Mall,Sfax,1409.59
209,19.5,0.99,4.1,0.42,29.1,Mall,Nabeul,2266.03
2871,32.3,0.41,20.1,0.83,96.9,Hospital,Sousse,6901.85
3983,0.5,0.38,0.5,0.48,31.9,Mall,Sfax,6214.94
2700,16.2,0.92,5.6,0.99,9.3,Mall,Sfax,6162.93
3343,-4.1,0.63,18.2,0.44,70.8,Office,Sousse,9088.06
1105,-3.3,0.29,14.1,0.65,73.4,Hospital,Tunis,3154.25
4893,19.1,0.9,18.8,0.05,28.5,Mall,Tunis,12667.42
405,9.9,0.99,17.9,0.65,29.8,Hospital,Sfax,4181.59
1058,37.3,0.18,1.2,0.85,46.9,Hospital,Sfax,1944.82
1053,25.1,0.88,21.4,0.94,2.2,School,Sfax,5830.6
2768,17.7,0.45,5.4,1.0,78.9,School,Nabeul,4512.02
3638,15.4,0.57,13.3,0.28,31.7,Office,Sfax,8951.94
2777,19.9,0.92,15.5,0.58,85.4,Mall,Tunis,7654.38
1730,-3.0,0.98,4.0,0.45,80.3,Office,Sousse,4550.24
1891,39.6,0.34,23.4,0.56,66.1,Office,Sousse,6277.46
2703,44.9,0.29,11.7,0.16,32.5,Hospital,Sousse,5856.27
2071,4.1,0.17,1.4,0.86,51.6,Hospital,Sfax,2880.08
166,1.0,0.61,22.5,0.91,44.5,Hospital,Sfax,2553.05
934,2.2,0.11,14.1,0.45,33.9,Office,Sousse,2414.65
305,28.1,0.47,16.8,0.28,84.8,Mall,Nabeul,3549.66
2933,28.1,0.17,12.6,0.14,48.4,Office,Nabeul,6908.89
4350,37.4,0.46,20.0,0.68,83.3,Office,Nabeul,10370.28
1814,32.6,0.14,0.8,0.31,10.5,Office,Nabeul,2435.0
1632,17.5,0.85,6.4,0.91,14.1,School,Tunis,4678.91
3245,25.6,0.29,11.3,0.67,97.7,School,Sousse,5222.26
3220,29.4,0.4,1.8,0.65,58.8,Mall,Tunis,5105.31
807,20.6,0.88,16.9,0.56,51.0,School,Sfax,5382.35
278,18.8,0.77,9.4,0.05,52.3,Office,Nabeul,3071.75
212,27.3,0.3,6.5,0.93,21.5,School,Nabeul,1154.63
856,22.9,0.16,0.1,0.63,71.9,School,Sousse,937.86
996,27.2,0.74,17.3,0.99,8.5,Office,Nabeul,5672.92
2968,25.6,0.45,20.0,0.54,57.3,Mall,Sousse,7673.15
258,31.0,0.79,9.5,0.71,57.1,School,Sfax,2787.82
885,27.1,0.5,13.5,0.06,91.4,Office,Nabeul,4625.2
1903,21.0,0.41,5.5,0.63,52.6,Office,Nabeul,3807.34
1939,29.1,0.51,14.9,0.76,13.7,Office,Tunis,4896.74
3268,17.5,0.77,0.3,0.78,57.3,Hospital,Sousse,6494.7
2398,7.1,0.91,11.7,0.77,9.1,Office,Sousse,7249.3
4178,-4.9,0.14,15.5,0.23,20.4,School,Nabeul,7546.67
1642,23.0,0.57,22.0,0.98,3.1,School,Tunis,6332.41
4308,24.5,0.13,9.2,1.0,51.3,Office,Nabeul,7334.42
4454,43.6,0.52,18.4,0.08,8.5,Hospital,Sousse,11082.83
2254,13.1,0.9,14.3,0.94,46.9,Hospital,Sousse,6614.31
674,14.7,0.43,22.2,0.29,93.3,Hospital,Nabeul,4672.46
3138,5.1,0.94,9.6,0.69,72.0,School,Sfax,7420.49
1481,-1.5,0.67,7.7,0.34,7.7,Hospital,Nabeul,4274.95
1322,33.6,0.94,21.3,0.97,22.4,Mall,Tunis,7109.62
2574,7.5,0.78,1.2,0.1,67.4,Mall,Sousse,4817.87
1601,25.4,0.19,3.3,0.5,89.5,Hospital,Sousse,2336.28
958,29.4,0.31,2.0,0.43,3.3,Mall,Nabeul,2122.53
3674,18.6,0.45,20.2,0.33,81.2,Office,Sfax,8200.97
3829,38.8,0.25,0.3,0.65,56.2,Hospital,Sousse,6565.2
3065,17.2,0.55,20.7,0.13,54.6,Hospital,Nabeul,8464.07
3291,9.2,0.52,10.8,0.72,95.8,Hospital,Sfax,7169.8
1696,39.8,0.96,0.1,0.98,74.8,Office,Nabeul,3136.26
1661,38.1,0.49,9.6,0.8,85.0,Office,Nabeul,4442.37
2622,3.2,0.81,4.5,0.86,35.4,Hospital,Nabeul,6019.3
2699,-3.7,0.95,15.0,0.36,55.4,School,Sousse,8211.93
2491,-0.5,0.89,16.3,0.32,61.5,School,Sfax,8446.5
2775,9.3,0.29,11.7,0.52,32.2,Mall,Tunis,5797.38
2283,43.6,0.55,1.0,0.05,57.0,Office,Tunis,4271.18
376,22.9,0.41,15.7,0.95,23.7,Mall,Sousse,2722.88
3982,13.7,0.46,20.2,0.14,14.3,Mall,Sousse,9733.39
3704,39.4,0.42,17.3,0.9,37.4,Hospital,Nabeul,8686.06
2178,17.7,0.84,19.9,0.08,73.9,School,Nabeul,7827.62
4442,10.8,0.51,4.8,0.82,91.6,Mall,Sfax,8355.38
4606,42.1,0.57,21.3,0.15,45.8,Hospital,Nabeul,11185.1
4177,37.5,0.98,7.7,0.04,64.3,Office,Sfax,9039.28
4268,37.2,0.15,0.3,0.72,10.3,Mall,Nabeul,5789.63
1220,20.6,0.54,20.2,0.28,90.4,School,Nabeul,5781.16
4868,34.5,0.8,22.6,0.71,56.9,Office,Tunis,11574.25
2623,4.0,0.24,15.7,0.56,78.0,Hospital,Sousse,6544.02
3470,23.7,0.65,5.6,0.11,79.4,Office,Sfax,6680.61
4482,44.2,0.32,6.0,0.93,25.6,Mall,Tunis,8270.35
2008,9.5,0.88,11.2,0.45,52.9,Office,Nabeul,6155.66
3620,34.7,0.39,21.5,0.73,96.0,Office,Tunis,9086.13
4407,19.5,0.4,3.6,0.5,9.0,Office,Sfax,7848.41
4596,-3.0,0.64,19.8,0.6,68.3,School,Sousse,10039.83
4850,33.2,0.27,7.0,0.3,96.2,Mall,Tunis,8051.31
3205,3.4,0.36,19.4,0.2,30.1,Hospital,Sfax,7546.79
597,26.6,0.47,22.1,0.54,86.1,School,Nabeul,4542.32
3687,-0.7,0.42,10.3,0.44,93.4,Mall,Tunis,6497.18
4293,42.3,0.57,8.8,0.39,74.7,Hospital,Sousse,8477.94
2513,9.6,0.64,19.3,0.67,23.1,Hospital,Sfax,5684.23
3900,6.3,0.61,12.7,0.69,33.4,Hospital,Sousse,8867.97
562,1.5,0.69,16.4,0.05,3.6,Mall,Nabeul,4088.17
2860,42.3,0.38,14.9,0.34,83.1,Hospital,Sousse,6222.54
3557,30.6,0.21,3.7,0.41,85.0,Hospital,Nabeul,6366.44
372,32.1,0.78,20.3,0.1,63.3,School,Nabeul,4956.39
1250,20.0,0.87,4.7,0.24,35.3,Hospital,Tunis,4446.67
3489,18.7,0.33,22.4,0.05,7.7,Office,Nabeul,8687.33
118,0.5,0.47,6.0,1.0,75.3,School,Sousse,1621.45
1716,23.0,0.55,17.6,0.74,72.7,School,Tunis,5511.77
3278,7.3,0.58,6.8,0.09,91.3,Mall,Nabeul,6654.31
4181,43.9,0.69,7.6,0.02,73.1,Hospital,Sfax,9161.15
511,34.8,0.14,7.4,0.72,82.9,Office,Sfax,800.55
841,15.6,0.75,17.9,0.44,74.6,Office,Nabeul,5310.02
2771,2.6,0.16,13.4,0.79,63.1,Hospital,Tunis,5968.71
2879,34.3,0.52,21.2,0.92,42.7,Hospital,Tunis,7758.45
2724,1.1,0.84,7.4,0.6,90.2,Mall,Tunis,5577.93
614,4.5,0.51,16.6,0.19,65.1,Office,Sousse,3898.34
306,5.6,0.23,18.1,0.78,39.8,School,Sfax,2635.82
1047,22.8,0.99,3.6,0.96,8.3,Mall,Nabeul,4162.43
2541,34.4,0.9,9.6,0.58,29.1,Mall,Nabeul,6661.88
1928,10.7,0.79,11.6,0.68,54.4,School,Sfax,5261.51
3698,-0.8,0.47,8.5,0.34,27.6,Mall,Sousse,6735.2
2267,18.2,0.27,7.7,0.38,22.1,Hospital,Tunis,4563.48
1756,32.4,0.95,16.5,0.73,52.7,School,Sfax,6998.62
701,6.1,0.58,5.2,0.93,17.0,School,Nabeul,2497.22
811,6.0,0.87,17.0,0.63,80.0,Office,Sousse,4701.4
1303,42.4,0.41,22.4,0.79,48.4,School,Nabeul,6346.84
1491,42.7,0.4,13.6,0.17,57.4,Mall,Tunis,4497.23
2796,44.5,0.99,14.7,0.21,14.7,Office,Sfax,7796.34
3372,35.4,0.57,1.7,0.53,32.5,Mall,Tunis,6227.54
3231,4.4,0.23,20.7,0.18,41.0,Hospital,Sousse,8326.28
3830,5.6,0.3,6.9,0.63,80.8,Hospital,Sfax,6367.61
2766,12.0,0.53,14.8,0.29,77.0,Office,Tunis,6500.17
649,10.9,0.14,23.5,0.79,22.3,Office,Tunis,4995.54
4841,42.8,0.52,14.3,0.81,61.6,Mall,Tunis,9517.01
4082,34.5,0.48,17.4,0.46,24.3,Hospital,Sousse,8615.56
1344,31.2,0.8,10.7,0.18,98.8,Office,Tunis,4733.43
3986,4.3,0.42,1.4,0.65,95.2,Hospital,Nabeul,6675.3
4112,40.5,0.98,19.1,0.99,56.3,Hospital,Sfax,10121.2
2649,36.4,0.26,0.8,0.62,69.9,Hospital,Sfax,4222.56
3304,3.2,0.63,16.8,0.04,80.1,Mall,Tunis,7791.83
945,38.6,0.18,0.6,0.02,72.1,Mall,Sousse,1811.13
4645,8.6,0.76,20.7,0.32,70.0,Hospital,Nabeul,10604.89
143,-1.0,1.0,3.8,0.2,95.9,Hospital,Nabeul,2357.59
758,27.8,0.84,12.3,0.81,59.6,Hospital,Sfax,4342.83
4923,27.7,0.6,14.3,0.84,63.6,School,Sfax,10040.85
4030,-0.3,0.54,11.0,0.26,84.9,School,Nabeul,7602.78
2967,10.9,0.85,8.2,0.33,67.0,Mall,Sfax,6284.46
3747,44.6,0.94,11.2,0.24,73.3,Hospital,Tunis,9490.56
2882,28.9,0.99,7.5,0.91,23.4,School,Nabeul,6471.93
1791,31.5,0.46,10.5,0.5,37.1,Office,Sfax,5128.56
2325,5.6,0.99,8.6,0.66,14.7,Office,Tunis,6413.19
3166,-1.1,0.24,13.6,0.42,50.6,Hospital,Tunis,6303.98
2047,8.8,0.33,5.7,0.63,45.6,School,Nabeul,3776.12
1465,7.4,0.18,23.7,0.39,99.7,Office,Tunis,6268.92
3230,6.7,0.34,12.0,0.34,61.1,Mall,Nabeul,8594.32
4633,4.6,0.79,4.7,0.63,78.6,Office,Tunis,8367.84
4621,23.7,0.87,11.4,0.59,33.4,Mall,Nabeul,9726.31
1067,11.4,0.8,20.8,0.29,83.2,Office,Nabeul,4940.35
1504,36.0,0.67,0.5,0.15,61.5,Office,Nabeul,2463.54
585,4.2,0.56,16.3,0.37,69.7,School,Nabeul,3480.37
1855,18.2,0.74,13.2,0.42,29.4,Office,Tunis,5663.0
3730,-4.3,0.45,4.1,0.63,54.9,Office,Nabeul,6507.78
3068,19.1,0.86,19.6,0.91,63.4,Mall,Sfax,8835.07
1679,-2.2,0.71,8.9,0.04,58.9,Mall,Tunis,5069.44
2895,43.9,0.73,7.1,0.24,91.5,Office,Nabeul,6643.35
150,34.5,0.58,19.9,0.19,89.8,Hospital,Tunis,3519.03
1759,19.5,0.9,15.3,0.5,97.1,Office,Tunis,5962.6
4400,-0.7,0.33,21.6,0.43,66.7,Office,Tunis,9769.45
2887,24.6,0.44,15.1,0.73,97.2,School,Tunis,5991.14
4728,32.9,0.8,17.8,0.24,83.2,Office,Nabeul,9838.99
2255,4.5,0.54,20.1,0.59,27.1,Office,Tunis,6712.43
4446,23.4,0.9,1.3,0.88,42.7,Mall,Sfax,6770.01
4330,35.7,0.41,18.6,0.91,23.8,Mall,Tunis,8964.56
3261,33.4,0.43,14.7,0.96,0.4,Mall,Tunis,7747.08
1714,35.1,0.9,1.7,0.77,18.8,Mall,Sfax,4237.08
2836,39.0,0.52,12.2,0.91,0.4,Office,Nabeul,6677.7
506,41.9,0.56,2.0,0.23,72.0,Hospital,Sfax,2294.26
3479,15.3,0.4,17.7,0.2,42.6,School,Sousse,7996.26
4297,23.4,0.35,13.1,0.01,31.3,School,Sfax,9289.98
1484,34.5,0.69,22.9,0.71,76.2,Hospital,Nabeul,5901.44
3795,29.9,0.21,4.4,0.94,83.2,Hospital,Sfax,6025.23
4599,44.8,0.89,14.5,0.19,97.5,School,Tunis,10347.77
3002,-4.3,0.8,5.1,0.64,64.2,Office,Nabeul,6330.76
1729,12.8,0.27,14.7,0.75,46.2,School,Sousse,4539.15
3362,9.1,0.72,17.3,0.93,30.5,Hospital,Nabeul,8620.16
1126,8.1,0.64,17.3,0.65,22.2,Office,Tunis,5326.75
3089,6.1,0.27,19.6,0.97,21.3,School,Sousse,6806.67
2324,30.5,0.35,20.5,0.34,40.9,Office,Nabeul,7310.75
3020,-0.8,0.47,1.9,0.35,99.2,Office,Nabeul,4466.04
4415,32.1,0.73,8.2,0.54,0.1,Hospital,Tunis,8603.32
4368,29.7,0.67,16.5,0.38,19.7,Mall,Sfax,10199.48
2883,7.5,0.58,12.0,0.0,18.8,School,Sfax,7489.46
1513,7.6,0.79,4.6,0.73,71.7,Hospital,Sousse,3926.02
4697,26.4,0.78,13.3,0.75,35.2,School,Tunis,10212.28
3748,33.1,0.66,9.8,0.75,45.7,Mall,Tunis,7240.16
2908,38.8,0.81,9.4,0.35,14.9,Mall,Sfax,6880.66
3431,37.6,0.4,19.4,0.52,40.5,Mall,Sfax,7368.81
2278,43.2,0.89,9.8,0.36,10.3,Mall,Sousse,5976.11
897,24.1,0.65,0.6,0.02,53.3,School,Sfax,1788.19
2946,40.4,0.84,1.4,0.56,9.8,Office,Sousse,5986.66
1029,35.4,0.59,20.5,0.12,79.1,Office,Nabeul,6521.06
4918,39.7,0.3,23.1,0.08,56.7,Mall,Sousse,11498.56
3191,-4.4,0.59,16.5,0.76,72.4,Mall,Sousse,6577.07
2362,43.3,0.43,8.7,0.01,41.9,Office,Sousse,4734.68
1433,18.7,0.73,22.5,0.96,38.1,Hospital,Nabeul,5664.59
1374,34.9,0.53,15.9,0.52,9.8,Mall,Sfax,4319.42
4683,1.4,0.85,20.3,0.98,52.4,Office,Sousse,10876.26
3580,14.8,0.71,18.4,0.06,51.5,Hospital,Sfax,9376.88
3442,8.6,0.72,9.1,0.58,46.8,Office,Sousse,6797.51
1317,9.6,0.3,11.5,0.35,74.1,Hospital,Sfax,3643.48
1564,1.2,0.99,4.5,0.84,83.3,School,Sousse,4274.61
4508,35.3,0.86,7.0,0.36,75.1,Hospital,Sfax,9325.99
4274,-4.5,0.81,18.7,0.26,14.4,Mall,Tunis,10712.05
4870,10.6,0.4,21.5,0.86,62.2,Hospital,Nabeul,10754.2
113,3.7,0.58,17.4,0.37,8.0,Hospital,Sousse,3695.79
2393,24.5,0.22,11.2,0.02,69.5,Mall,Nabeul,4844.9
2145,7.7,0.58,2.1,0.39,38.2,School,Sousse,3908.74
1137,7.9,0.23,1.4,0.65,13.2,Hospital,Tunis,1323.1
4228,19.4,0.6,9.0,0.25,86.2,School,Tunis,9085.35
1559,27.6,0.68,11.1,0.43,61.4,Office,Nabeul,4106.88
356,1.1,0.45,14.6,0.06,35.5,Office,Sousse,3892.54
4229,3.8,0.55,0.2,0.59,3.1,Mall,Sfax,6433.25
4173,7.4,0.89,23.8,0.76,53.7,School,Sousse,11344.72
1383,43.7,0.2,8.7,0.41,92.3,Mall,Sfax,3599.06
3587,14.9,0.81,20.4,0.42,59.6,Mall,Nabeul,10128.49
2284,24.9,0.25,12.8,0.09,97.2,Hospital,Nabeul,4794.27
458,7.1,0.13,3.1,0.2,13.6,Office,Tunis,1326.14
3891,19.5,0.27,19.1,0.15,56.8,Mall,Sfax,8582.18
4949,-1.3,0.79,17.0,0.48,79.8,Hospital,Sousse,10471.19
3287,-3.3,0.46,12.7,0.53,52.6,Hospital,Tunis,7249.43
4599,18.4,0.89,12.3,0.95,9.1,School,Nabeul,10409.95
1325,14.9,0.57,2.1,0.07,58.3,Office,Tunis,2818.43
2397,1.8,0.12,15.7,0.6,61.2,School,Sousse,5749.09
377,29.4,0.75,21.9,0.53,72.9,School,Sousse,4267.13
4307,44.6,0.2,2.2,0.52,76.1,Mall,Nabeul,6028.38
2086,14.8,0.81,6.3,0.87,77.1,School,Tunis,4711.3
3644,26.2,0.25,21.7,0.21,66.3,Mall,Sfax,8652.26
2893,43.1,0.41,6.8,0.04,21.6,School,Sfax,6385.39
491,36.6,0.79,15.7,0.67,40.4,Hospital,Sfax,3508.74
1068,18.2,0.96,12.8,0.35,77.6,Office,Sousse,5958.32
2290,31.9,0.43,14.3,0.02,95.3,Office,Tunis,5057.37
2328,1.4,0.85,10.0,0.25,7.9,Office,Sfax,6641.53
2726,20.6,0.27,7.2,0.31,53.6,Hospital,Tunis,5143.46
2945,9.0,0.83,1.2,0.62,31.3,Hospital,Nabeul,5466.83
4464,3.1,0.69,17.9,0.17,22.5,School,Sfax,10475.93
3407,16.3,0.27,17.9,0.41,50.6,School,Tunis,8213.58
2700,1.6,0.37,16.1,0.48,60.6,School,Sousse,7075.76
2780,29.9,0.22,15.4,0.46,1.0,School,Nabeul,6576.22
4470,17.8,0.44,5.8,0.97,78.0,Office,Nabeul,7745.89
4938,21.6,0.28,0.5,0.05,82.0,School,Nabeul,6941.85
185,2.3,0.68,19.4,0.95,96.6,Hospital,Nabeul,3497.37
3234,2.0,1.0,11.8,0.58,18.1,Hospital,Sousse,8437.69
4599,24.2,0.11,7.4,0.8,59.5,Hospital,Sousse,6389.49
2339,44.3,0.59,2.4,0.43,42.7,Mall,Sfax,4660.46
3464,-0.2,0.62,1.5,0.45,33.5,Mall,Sousse,6184.4
2145,9.3,0.92,8.4,0.88,56.6,Mall,Sousse,6229.41
1154,38.5,0.56,19.3,0.9,78.2,School,Nabeul,4988.56
3501,-1.4,0.59,22.0,0.24,2.3,Office,Sousse,9839.91
3829,38.8,0.52,21.5,0.2,96.9,Office,Nabeul,9288.24
2769,21.2,0.34,22.1,0.5,81.0,School,Tunis,7809.52
375,15.4,0.15,21.8,0.9,75.1,School,Tunis,3588.14
4846,10.5,0.47,12.7,0.32,76.0,Mall,Tunis,8920.7
4190,9.9,0.15,5.3,0.65,38.9,Hospital,Tunis,7015.99
1205,10.3,0.6,19.2,0.71,75.2,Hospital,Tunis,5747.62
4781,39.2,0.38,5.1,0.78,38.7,Mall,Tunis,8604.9
3032,31.2,0.58,6.4,0.56,89.9,Mall,Tunis,5952.19
228,28.5,0.22,5.6,0.4,17.7,Office,Nabeul,1494.34
4451,34.9,0.94,12.4,0.97,29.2,Mall,Nabeul,10242.95
4426,7.9,0.91,7.7,0.61,55.1,Hospital,Nabeul,8464.07
3668,25.9,0.27,3.7,0.73,31.9,Hospital,Nabeul,6309.69
2502,18.0,0.41,10.9,0.34,42.4,School,Sousse,4840.54
1747,34.1,0.65,21.0,0.67,49.2,Office,Sousse,6920.68
3656,10.5,0.19,13.7,0.26,85.6,School,Sfax,7168.62
3991,27.2,0.42,21.1,0.25,52.3,Office,Sousse,9561.77
2293,39.1,0.33,4.7,0.71,36.2,School,Nabeul,3990.82
2147,15.1,0.92,4.0,0.52,24.8,Office,Nabeul,5255.98
3204,-1.7,0.87,13.8,0.68,40.9,Mall,Tunis,8199.19
4455,20.8,0.62,11.1,0.27,51.6,Hospital,Tunis,9571.66
2234,12.3,0.57,15.8,0.6,74.6,Mall,Sfax,6837.75
942,28.6,0.94,19.1,0.44,12.1,Office,Sousse,5901.77
2071,42.6,0.94,18.0,0.6,22.2,Office,Nabeul,6444.7
4460,19.3,0.97,22.6,0.29,38.0,School,Sousse,12337.82
4003,18.3,0.21,9.6,0.72,36.0,Office,Sfax,6588.51
3713,27.7,0.24,5.0,0.81,39.2,Mall,Tunis,5987.37
491,0.2,0.71,13.2,0.26,79.4,Office,Nabeul,3364.32
2379,7.7,0.59,2.7,0.3,32.4,Office,Tunis,4847.28
1000,40.9,0.12,6.9,0.66,50.2,School,Nabeul,1562.26
4783,28.5,0.16,5.0,0.7,62.4,Office,Tunis,6926.48
2594,-4.3,0.9,9.5,0.7,23.2,School,Tunis,6639.24
1252,5.2,0.88,2.7,0.68,71.9,Hospital,Sfax,2944.6
1394,29.1,0.42,0.8,0.39,54.7,School,Sousse,3255.55
565,33.2,0.9,15.8,0.39,44.7,Office,Tunis,4323.56
2275,37.0,0.63,14.6,0.25,81.0,Hospital,Nabeul,5818.34
3345,9.6,0.83,17.0,0.16,24.3,Office,Sousse,9861.92
587,41.6,0.48,15.8,0.69,88.3,School,Sousse,3658.97
3038,22.6,0.2,2.7,0.09,56.1,Mall,Tunis,6394.98
2726,29.8,0.49,7.0,0.94,60.9,Hospital,Tunis,4383.34
1049,24.8,0.51,3.1,0.83,87.5,Mall,Tunis,2309.88
4601,1.1,0.6,20.2,0.86,81.8,Mall,Sousse,10535.31
1149,43.2,0.2,17.9,0.91,60.2,Hospital,Sfax,4066.41
4175,1.1,0.99,4.8,0.41,75.3,Mall,Tunis,8200.0
4559,7.7,0.32,8.2,0.85,43.3,Mall,Sousse,8689.81
1490,35.7,0.28,23.2,0.16,54.7,Mall,Sousse,6154.7
1183,25.9,0.57,14.3,0.02,6.2,Mall,Nabeul,4173.88
4746,36.9,0.58,19.2,0.78,9.0,Hospital,Tunis,10289.32
1758,20.8,0.5,6.4,0.07,82.9,Office,Sfax,3565.5
4487,13.8,0.79,5.0,0.99,6.0,Mall,Nabeul,8474.92
1917,41.1,0.56,18.8,0.67,16.9,Hospital,Tunis,6870.43
290,-3.2,0.65,16.5,0.75,79.6,Hospital,Nabeul,3247.38
560,37.8,0.75,16.3,0.25,0.1,Hospital,Tunis,4532.94
2621,6.5,0.12,13.3,0.67,28.2,Hospital,Nabeul,5200.99
3576,37.4,0.61,13.5,0.04,58.4,School,Sfax,8677.67
2805,2.0,0.9,17.7,0.84,59.5,Office,Nabeul,8561.32
4466,24.0,0.12,6.5,0.17,77.7,Office,Nabeul,7424.28
1257,39.4,0.46,8.5,0.7,50.6,Mall,Nabeul,4267.51
4366,18.7,0.93,20.9,0.22,50.9,Hospital,Tunis,10907.46
127,32.3,0.42,7.4,0.07,72.5,School,Tunis,1044.51
4331,35.2,0.51,13.1,0.48,49.9,Hospital,Sfax,9394.18
3072,31.8,0.98,16.9,0.17,60.8,Mall,Nabeul,8666.06
3124,41.3,0.28,24.0,0.73,89.8,Office,Sousse,7741.38
1364,17.3,0.16,10.4,0.24,40.1,Mall,Nabeul,3643.84
955,3.7,0.87,10.3,0.34,38.5,Mall,Sousse,3562.81
4125,-2.6,0.88,20.2,0.57,0.4,Mall,Sousse,9816.47
1351,7.3,0.52,19.3,0.28,61.3,Mall,Nabeul,5561.28
4704,2.2,0.56,17.5,0.38,3.0,Mall,Sousse,10813.18
3970,22.9,0.85,11.1,0.82,50.4,Mall,Sousse,9354.93
1426,4.2,0.76,7.8,0.18,80.4,Mall,Nabeul,4780.32
1125,-3.1,0.34,14.6,0.08,55.0,Office,Tunis,4560.18
